Participant,Trial,code_file,Programming_Language,Expertise,Comprehension_Result,Complexity,Vertical_Next_Text,Vertical_Later_Text,Horizontal_Later_Text,Regression_Rate,Line_Regression_Rate,Saccade_Length,Element_Coverage,Story_Order_Naive_Score,Story_Order_Dynamic_Score,Story_Order_Dynamic_Repetitions,Execution_Order_Naive_Score,Execution_Order_Dynamic_Score,Execution_Order_Dynamic_Repetitions
147,5,vehicle_java2.jpg,Java,medium,0,B,0.7853107344632768,0.8587570621468926,0.536723163841808,0.2655367231638418,0.1299435028248587,82.20061424568146,0.2946428571428571,-44,-44,1,-67,-55,2
147,2,rectangle_java2.jpg,Java,medium,1,A,0.8207885304659498,0.8637992831541219,0.5806451612903226,0.2401433691756272,0.1075268817204301,60.32946528498725,0.2847222222222222,-122,-110,2,-135,-116,2
51,5,rectangle_java2.jpg,Java,medium,0,A,0.8620689655172413,0.8896551724137931,0.6344827586206897,0.193103448275862,0.0896551724137931,50.599162342539245,0.2291666666666666,-22,-22,1,-36,-36,1
51,2,vehicle_java2.jpg,Java,medium,0,B,0.7888888888888889,0.8555555555555555,0.5444444444444444,0.2222222222222222,0.0888888888888888,55.92242270911324,0.1875,-9,-9,1,-17,-17,1
178,5,vehicle_java2.jpg,Java,high,0,B,0.8,0.8625,0.5625,0.225,0.09375,60.80298787732565,0.25,-55,-55,1,-78,-78,1
178,2,rectangle_java2.jpg,Java,high,1,A,0.7887931034482759,0.8275862068965517,0.5732758620689655,0.2327586206896551,0.0646551724137931,72.94170022591499,0.2638888888888889,-96,-72,2,-95,-75,2
140,2,vehicle_java2.jpg,Java,high,0,B,0.7927927927927928,0.8423423423423423,0.5495495495495496,0.2342342342342342,0.081081081081081,56.939511179823015,0.2946428571428571,-85,-83,2,-108,-103,2
140,5,rectangle_java2.jpg,Java,high,0,A,0.8125,0.8359375,0.4921875,0.2734375,0.1171875,60.85434177534512,0.2291666666666666,-41,-41,1,-55,-55,1
56,5,rectangle_java2.jpg,Java,high,1,A,0.852112676056338,0.8943661971830986,0.676056338028169,0.2112676056338028,0.1126760563380281,65.32449523042997,0.2361111111111111,-15,-15,1,-38,-38,1
56,2,vehicle_java2.jpg,Java,high,1,B,0.7602739726027398,0.8287671232876712,0.5616438356164384,0.2602739726027397,0.0958904109589041,78.41650233663492,0.2232142857142857,-42,-42,1,-56,-56,1
69,2,rectangle_java2.jpg,Java,high,0,A,0.8274647887323944,0.8661971830985915,0.5704225352112676,0.2711267605633803,0.1408450704225352,75.70873216560265,0.2708333333333333,-104,-63,3,-87,-71,2
69,5,vehicle_java2.jpg,Java,high,0,B,0.8386075949367089,0.8892405063291139,0.6139240506329114,0.2151898734177215,0.1075949367088607,72.12097780660453,0.2589285714285714,-98,-55,4,-122,-82,3
176,5,vehicle_java2.jpg,Java,low,0,B,0.8823529411764706,0.9068627450980392,0.7058823529411765,0.142156862745098,0.0514705882352941,56.64701202977138,0.3035714285714285,-119,-60,2,-129,-98,2
176,2,rectangle_java2.jpg,Java,low,1,A,0.8432539682539683,0.878968253968254,0.6329365079365079,0.2123015873015873,0.0932539682539682,60.00086941480985,0.2916666666666667,-204,-113,4,-191,-151,3
60,5,rectangle_java2.jpg,Java,medium,1,A,0.8359375,0.875,0.59765625,0.2421875,0.12109375,70.30585601285483,0.2777777777777778,-90,-48,2,-84,-83,2
60,2,vehicle_java2.jpg,Java,medium,0,B,0.8431372549019608,0.8986928104575164,0.7091503267973857,0.1699346405228758,0.0718954248366013,68.42278670685013,0.3392857142857143,-54,-48,2,-77,-51,2
182,2,vehicle_java2.jpg,Java,medium,0,B,0.7475,0.835,0.5575,0.275,0.1125,90.1525923705296,0.3303571428571428,-184,-164,2,-195,-166,4
182,5,rectangle_java2.jpg,Java,medium,1,A,0.8285714285714286,0.8857142857142857,0.5857142857142857,0.2785714285714286,0.1678571428571428,79.91255014840165,0.2777777777777778,-78,-57,2,-78,-65,2
94,5,vehicle_java2.jpg,Java,medium,0,B,0.8161764705882353,0.8970588235294118,0.6764705882352942,0.1470588235294117,0.0514705882352941,66.69063997124668,0.2053571428571428,-22,13,2,-35,-21,2
94,2,rectangle_java2.jpg,Java,medium,0,A,0.8076923076923077,0.8769230769230769,0.6692307692307692,0.1769230769230769,0.0615384615384615,60.78045467152961,0.1944444444444444,-15,-15,1,-43,-43,1
185,2,rectangle_java2.jpg,Java,medium,1,A,0.8861788617886179,0.926829268292683,0.6991869918699187,0.1382113821138211,0.073170731707317,60.39976568153371,0.2152777777777778,8,8,1,-14,-14,1
93,2,vehicle_java.jpg,Java,none,0,B,0.6833333333333333,0.7833333333333333,0.55,0.25,0.05,92.89344455937363,0.1517857142857142,-23,-23,1,-24,-24,1
93,5,rectangle_java.jpg,Java,none,0,A,0.7764705882352941,0.8235294117647058,0.5058823529411764,0.2705882352941176,0.1058823529411764,63.073056612320855,0.1527777777777778,-13,-13,1,-26,-26,1
171,5,rectangle_java2.jpg,Java,medium,1,A,0.8662420382165605,0.910828025477707,0.6178343949044586,0.2484076433121019,0.1656050955414012,69.1337354206709,0.2569444444444444,-21,-21,1,-38,-38,1
171,2,vehicle_java2.jpg,Java,medium,0,B,0.8404255319148937,0.8900709219858156,0.6347517730496454,0.2163120567375886,0.1099290780141844,71.23961010026743,0.3303571428571428,-70,-52,2,-88,-55,2
67,2,rectangle_java2.jpg,Java,high,1,A,0.7707006369426752,0.8343949044585988,0.5222929936305732,0.2484076433121019,0.0891719745222929,77.2198372499921,0.2152777777777778,-80,-66,3,-81,-65,2
58,2,vehicle_java2.jpg,Java,medium,0,B,0.8193548387096774,0.8774193548387097,0.6451612903225806,0.1935483870967742,0.0774193548387096,63.8428932582497,0.2232142857142857,-21,-21,1,-36,-36,1
33,5,rectangle_java2.jpg,Java,high,1,A,0.6620689655172414,0.7793103448275862,0.4137931034482758,0.3241379310344827,0.1103448275862069,108.1447792078923,0.2291666666666666,-86,-48,3,-68,-62,2
33,2,vehicle_java2.jpg,Java,high,0,B,0.796875,0.875,0.5625,0.25390625,0.1328125,83.84124353716865,0.2946428571428571,-100,-91,3,-101,-88,3
125,2,rectangle_java.jpg,Java,medium,1,A,0.6636363636363637,0.7636363636363637,0.3545454545454545,0.3363636363636363,0.109090909090909,125.20176859586824,0.2083333333333333,-58,-51,2,-70,-70,1
34,5,rectangle_java2.jpg,Java,medium,0,A,0.8677685950413223,0.9049586776859504,0.6611570247933884,0.2314049586776859,0.140495867768595,58.006075424701024,0.2291666666666666,-37,-37,1,-63,-63,1
34,2,vehicle_java2.jpg,Java,medium,0,B,0.7696078431372549,0.8480392156862745,0.5686274509803921,0.25,0.1029411764705882,73.5029513979201,0.2678571428571428,-84,-66,2,-89,-78,3
114,5,vehicle_java2.jpg,Java,medium,0,B,0.7727272727272727,0.8863636363636364,0.6022727272727273,0.1704545454545454,0.0681818181818181,86.18947231682348,0.2232142857142857,1,1,1,-8,-8,1
66,2,vehicle_java2.jpg,Java,medium,0,B,0.7586206896551724,0.8620689655172413,0.5517241379310345,0.2068965517241379,0.0862068965517241,88.02478410129862,0.1964285714285714,0,0,1,-9,-9,1
66,5,rectangle_java2.jpg,Java,medium,1,A,0.7217391304347827,0.8,0.5043478260869565,0.3043478260869565,0.1130434782608695,66.40766797595258,0.1944444444444444,-31,-31,1,-49,-49,1
170,5,vehicle_java2.jpg,Java,medium,1,B,0.848297213622291,0.8854489164086687,0.6408668730650154,0.2074303405572755,0.0959752321981424,64.47983133076984,0.2678571428571428,-90,-72,2,-113,-92,2
59,2,vehicle_java.jpg,Java,medium,0,B,0.7801418439716312,0.8439716312056738,0.549645390070922,0.2836879432624113,0.1312056737588652,86.58978789409232,0.3035714285714285,-95,-81,2,-118,-87,3
183,2,vehicle_java2.jpg,Java,medium,1,B,0.7464285714285714,0.8357142857142857,0.5142857142857142,0.275,0.1142857142857142,72.67981845422958,0.3392857142857143,-134,-95,2,-151,-105,3
61,2,vehicle_java2.jpg,Java,medium,1,B,0.7942583732057417,0.8516746411483254,0.5358851674641149,0.2727272727272727,0.1291866028708134,74.74289000380826,0.25,-67,-55,2,-83,-75,2
61,5,rectangle_java2.jpg,Java,medium,1,A,0.7683284457478006,0.8269794721407625,0.5161290322580645,0.2668621700879765,0.0967741935483871,63.850223241265766,0.2708333333333333,-204,-129,4,-185,-149,4
1,2,vehicle_java.jpg,Java,high,0,B,0.7368421052631579,0.8421052631578947,0.5413533834586466,0.2030075187969924,0.0526315789473684,97.05975741866708,0.2321428571428571,-47,-27,2,-71,-53,2
57,2,rectangle_java2.jpg,Java,medium,1,A,0.8372093023255814,0.9069767441860463,0.5465116279069767,0.2674418604651162,0.1860465116279069,66.56537697853264,0.1666666666666666,-2,1,2,-13,-13,1
57,5,vehicle_java2.jpg,Java,medium,0,B,0.7513227513227513,0.8412698412698413,0.5291005291005291,0.2857142857142857,0.1322751322751322,81.36771409060628,0.2410714285714285,-62,-62,1,-83,-69,2
141,2,vehicle_java2.jpg,Java,low,0,B,0.8716814159292036,0.9026548672566372,0.6548672566371682,0.1902654867256637,0.0973451327433628,71.6719750937567,0.3214285714285714,-47,-1,2,-61,-41,2
68,5,vehicle_java2.jpg,Java,medium,1,B,0.8607594936708861,0.9113924050632912,0.6645569620253164,0.1962025316455696,0.1139240506329113,52.423658072450856,0.2321428571428571,-11,-11,1,-27,-27,1
68,2,rectangle_java2.jpg,Java,medium,0,A,0.8511627906976744,0.8837209302325582,0.6325581395348837,0.1953488372093023,0.0837209302325581,45.39095528456165,0.2569444444444444,-64,-64,1,-77,-76,2
50,2,vehicle_java2.jpg,Java,medium,0,B,0.68,0.7538461538461538,0.4523076923076923,0.3169230769230769,0.0738461538461538,71.99811803683848,0.2857142857142857,-252,-186,4,-257,-202,4
6,2,rectangle_java.jpg,Java,medium,1,A,0.859375,0.8984375,0.6796875,0.1796875,0.0859375,67.29326854073243,0.2291666666666666,-6,-6,1,-34,-34,1
6,5,vehicle_java.jpg,Java,medium,0,B,0.8309178743961353,0.8743961352657005,0.5845410628019324,0.2270531400966183,0.1062801932367149,72.94192706048834,0.25,-54,-47,2,-77,-77,1
179,5,rectangle_java2.jpg,Java,low,1,A,0.8591549295774648,0.8913480885311871,0.6257545271629779,0.2434607645875251,0.1368209255533199,62.68944518608714,0.2916666666666667,-158,-97,3,-151,-118,2
179,2,vehicle_java2.jpg,Java,low,0,B,0.8511749347258486,0.8929503916449086,0.618798955613577,0.2402088772845953,0.1357702349869451,61.97992314922178,0.3571428571428571,-109,-82,2,-132,-99,2
112,2,rectangle_java2.jpg,Java,medium,1,A,0.7657657657657657,0.8378378378378378,0.5,0.2882882882882883,0.1306306306306306,62.85380624926225,0.25,-111,-59,3,-97,-74,2
115,5,vehicle_java2.jpg,Java,medium,0,B,0.7177700348432056,0.8083623693379791,0.4982578397212543,0.2857142857142857,0.0975609756097561,82.55942506405172,0.3125,-164,-110,3,-157,-131,4
115,2,rectangle_java2.jpg,Java,medium,1,A,0.8402777777777778,0.8888888888888888,0.6111111111111112,0.2569444444444444,0.1527777777777778,68.51780797227433,0.2152777777777778,-22,-22,1,-49,-49,1
123,2,rectangle_java.jpg,Java,high,0,A,0.825136612021858,0.8743169398907104,0.6065573770491803,0.2513661202185792,0.1311475409836065,87.79445443668352,0.2361111111111111,-36,-13,2,-60,-60,1
35,2,rectangle_java2.jpg,Java,low,1,A,0.8304093567251462,0.8830409356725146,0.5730994152046783,0.2573099415204678,0.1461988304093567,77.60438247082523,0.2638888888888889,-19,-18,2,-36,-36,1
35,5,vehicle_java2.jpg,Java,low,0,B,0.7660377358490567,0.8528301886792453,0.5773584905660377,0.2566037735849056,0.1132075471698113,90.00627530040062,0.2946428571428571,-92,-78,2,-113,-93,2
124,5,rectangle_java2.jpg,Java,medium,1,A,0.7889908256880734,0.8256880733944955,0.5,0.2935779816513761,0.1238532110091743,65.87244982542873,0.2638888888888889,-92,-69,2,-106,-96,2
124,2,vehicle_java2.jpg,Java,medium,1,B,0.7719298245614035,0.8421052631578947,0.5929824561403508,0.2421052631578947,0.087719298245614,84.81706682230536,0.3035714285714285,-120,-102,2,-139,-115,3
32,2,rectangle_java2.jpg,Java,high,1,A,0.9071428571428573,0.9357142857142856,0.6928571428571428,0.1785714285714285,0.1214285714285714,63.55756240547343,0.2638888888888889,5,5,1,-31,-31,1
32,5,vehicle_java2.jpg,Java,high,0,B,0.8859649122807017,0.9342105263157896,0.7236842105263158,0.1491228070175438,0.087719298245614,58.04183087852598,0.2767857142857143,-19,-19,1,-35,-35,1
206,5,rectangle_java2.jpg,Java,low,0,A,0.7466666666666667,0.7973333333333333,0.512,0.2853333333333333,0.0853333333333333,61.41301739884666,0.2916666666666667,-230,-170,4,-223,-184,3
206,2,vehicle_java2.jpg,Java,low,0,B,0.8164794007490637,0.850187265917603,0.5805243445692884,0.2359550561797752,0.0898876404494382,59.50438068677456,0.2767857142857143,-97,-77,2,-119,-104,2
201,5,vehicle_java2.jpg,Java,medium,0,B,0.8723404255319149,0.925531914893617,0.6808510638297872,0.1276595744680851,0.0638297872340425,53.93896706247638,0.1696428571428571,10,10,1,-11,-11,1
201,2,rectangle_java2.jpg,Java,medium,1,A,0.8333333333333334,0.875,0.5666666666666667,0.2166666666666666,0.1,57.064211856010765,0.1944444444444444,-16,-16,1,-44,-44,1
208,5,rectangle_java2.jpg,Java,low,1,A,0.8206106870229007,0.8664122137404581,0.5877862595419847,0.2480916030534351,0.1183206106870229,55.67904678143764,0.25,-90,-78,2,-90,-88,2
200,2,vehicle_java.jpg,Java,low,1,B,0.7909604519774012,0.8813559322033898,0.5706214689265536,0.2372881355932203,0.1242937853107344,107.36686759460608,0.3035714285714285,-41,-40,2,-57,-52,2
200,5,rectangle_java.jpg,Java,low,1,A,0.7521739130434782,0.8173913043478261,0.5304347826086957,0.2826086956521739,0.1043478260869565,89.51071368055301,0.2291666666666666,-108,-96,3,-125,-121,2
207,2,vehicle_java2.jpg,Java,medium,0,B,0.8237082066869301,0.8814589665653495,0.6170212765957447,0.2310030395136778,0.1155015197568389,70.10104222552712,0.2857142857142857,-104,-104,1,-121,-112,2
207,5,rectangle_java2.jpg,Java,medium,1,A,0.7931034482758621,0.8352490421455939,0.578544061302682,0.2528735632183908,0.0919540229885057,73.36475704691009,0.2569444444444444,-112,-96,2,-111,-94,2
214,5,vehicle_java2.jpg,Java,medium,1,B,0.8134328358208955,0.8600746268656716,0.5970149253731343,0.2444029850746268,0.1063432835820895,66.99257995817112,0.3571428571428571,-238,-125,4,-243,-180,4
214,2,rectangle_java2.jpg,Java,medium,1,A,0.7368421052631579,0.8,0.4842105263157895,0.3263157894736842,0.1298245614035087,78.71663219370596,0.2569444444444444,-154,-112,3,-148,-118,3
212,2,rectangle_java2.jpg,Java,medium,0,A,0.7037037037037037,0.7777777777777778,0.4444444444444444,0.3333333333333333,0.1172839506172839,60.7567849541461,0.2291666666666666,-88,-75,3,-93,-86,2
215,5,rectangle_java2.jpg,Java,medium,0,A,0.8315789473684211,0.8736842105263158,0.5789473684210527,0.2578947368421053,0.1368421052631579,74.0425376214087,0.2638888888888889,-50,-32,2,-55,-55,1
215,2,vehicle_java2.jpg,Java,medium,1,B,0.7558139534883721,0.8410852713178295,0.5891472868217055,0.2325581395348837,0.0775193798449612,93.73816132090644,0.25,-110,-82,3,-121,-98,3
106,2,vehicle_java2.jpg,Java,medium,0,B,0.7025641025641025,0.8,0.5333333333333333,0.2769230769230769,0.082051282051282,93.64532959412284,0.2589285714285714,-94,-71,2,-104,-89,2
10,5,vehicle_java.jpg,Java,medium,0,B,0.8444444444444444,0.8888888888888888,0.6370370370370371,0.1629629629629629,0.0592592592592592,80.04621546717414,0.25,-15,-15,1,-37,-37,1
139,5,vehicle_java2.jpg,Java,low,0,B,0.9017857142857144,0.9285714285714286,0.6517857142857143,0.1785714285714285,0.1160714285714285,64.92568160698232,0.2142857142857142,-2,-2,1,-10,-10,1
101,2,rectangle_java2.jpg,Java,medium,0,A,0.7911392405063291,0.8607594936708861,0.5316455696202531,0.240506329113924,0.1075949367088607,93.21855261952176,0.2708333333333333,-57,-11,2,-59,-59,1
101,5,vehicle_java2.jpg,Java,medium,1,B,0.8605990783410138,0.902073732718894,0.663594470046083,0.195852534562212,0.0990783410138248,66.01129745041683,0.3303571428571428,-338,-207,6,-343,-245,7
17,2,rectangle_java2.jpg,Java,medium,1,A,0.8036529680365296,0.8538812785388128,0.5616438356164384,0.2785388127853881,0.136986301369863,64.88709210305802,0.2361111111111111,-78,-78,1,-89,-89,1
17,5,vehicle_java2.jpg,Java,medium,0,B,0.7665505226480837,0.8571428571428571,0.5714285714285714,0.2369337979094076,0.0975609756097561,83.04189415106724,0.3214285714285714,-117,-78,2,-133,-89,3
28,2,rectangle_java2.jpg,Java,medium,1,A,0.8243727598566308,0.8817204301075269,0.6164874551971327,0.2580645161290322,0.1433691756272401,79.02083595779924,0.2986111111111111,-62,-38,3,-65,-63,2
28,5,vehicle_java2.jpg,Java,medium,0,B,0.9026548672566372,0.9380530973451328,0.6991150442477876,0.1858407079646017,0.1327433628318584,75.55092742567477,0.2232142857142857,11,11,1,-6,-6,1
21,5,vehicle_java2.jpg,Java,low,0,B,0.8107344632768362,0.867231638418079,0.5819209039548022,0.2429378531073446,0.1129943502824858,65.15209175488482,0.3035714285714285,-148,-89,2,-159,-126,2
21,2,rectangle_java2.jpg,Java,low,1,A,0.8706624605678234,0.8927444794952681,0.5678233438485805,0.2712933753943217,0.167192429022082,70.44287481191725,0.2777777777777778,-96,-37,2,-77,-64,2
108,5,rectangle_java2.jpg,Java,high,1,A,0.7806451612903226,0.8516129032258064,0.5935483870967742,0.2258064516129032,0.0838709677419354,69.42286016200327,0.2222222222222222,-50,-40,2,-53,-53,1
108,2,vehicle_java2.jpg,Java,high,0,B,0.7294117647058823,0.8117647058823529,0.5411764705882353,0.2352941176470588,0.0588235294117647,98.63424124892092,0.2232142857142857,-20,-20,1,-38,-38,1
26,2,vehicle_java2.jpg,Java,high,1,B,0.7679558011049724,0.8674033149171271,0.4751381215469613,0.2983425414364641,0.1712707182320442,97.9058679973834,0.2767857142857143,-56,-47,2,-77,-56,2
19,5,vehicle_java.jpg,Java,medium,1,B,0.8321167883211679,0.8978102189781022,0.635036496350365,0.145985401459854,0.0510948905109489,78.57758254450853,0.2232142857142857,-13,-1,2,-29,-12,2
72,2,vehicle_java2.jpg,Java,medium,0,B,0.7247706422018348,0.8073394495412844,0.5504587155963303,0.2477064220183486,0.0581039755351682,69.91943011354195,0.2946428571428571,-184,-135,4,-188,-165,2
164,2,vehicle_java2.jpg,Java,low,0,B,0.7319148936170212,0.8170212765957446,0.4978723404255319,0.3021276595744681,0.1234042553191489,76.1846659276582,0.3035714285714285,-98,-98,1,-121,-114,2
164,5,rectangle_java2.jpg,Java,low,1,A,0.7203791469194313,0.8009478672985783,0.4739336492890995,0.3080568720379147,0.1137440758293838,83.10417239404373,0.2430555555555555,-102,-92,3,-109,-98,2
86,5,vehicle_java2.jpg,Java,medium,0,B,0.8827586206896552,0.913793103448276,0.6551724137931034,0.1862068965517241,0.1034482758620689,58.72156149888337,0.2767857142857143,-66,-54,3,-83,-62,2
86,2,rectangle_java2.jpg,Java,medium,1,A,0.8612612612612612,0.9045045045045044,0.6576576576576577,0.227027027027027,0.1333333333333333,65.71618023970733,0.2847222222222222,-173,-85,4,-147,-126,3
190,2,vehicle_java2.jpg,Java,medium,0,B,0.8854166666666666,0.9375,0.7083333333333334,0.1145833333333333,0.0625,72.21151879582716,0.2321428571428571,19,19,1,-3,-3,1
81,5,rectangle_java.jpg,Java,medium,1,A,0.8174603174603174,0.8650793650793651,0.5952380952380952,0.238095238095238,0.1111111111111111,78.44117646105093,0.2083333333333333,-21,-21,1,-45,-45,1
81,2,vehicle_java.jpg,Java,medium,0,B,0.8770226537216829,0.919093851132686,0.6828478964401294,0.1844660194174757,0.1067961165048543,81.88309179989871,0.3214285714285714,-52,-33,3,-74,-45,3
197,2,vehicle_java.jpg,Java,medium,0,B,0.8181818181818182,0.8814229249011858,0.5968379446640316,0.2529644268774703,0.1383399209486166,91.0565220809796,0.2589285714285714,-63,-62,2,-85,-85,1
75,2,vehicle_java.jpg,Java,medium,0,B,0.7714285714285715,0.8607142857142858,0.6214285714285714,0.2142857142857142,0.0785714285714285,100.11432949283336,0.25,-113,-71,3,-117,-93,3
75,5,rectangle_java.jpg,Java,medium,1,A,0.7323232323232324,0.8333333333333334,0.4747474747474747,0.3181818181818182,0.1565656565656565,110.8455938263372,0.2708333333333333,-80,-43,3,-85,-68,3
163,2,vehicle_java.jpg,Java,low,0,B,0.8287292817679558,0.8784530386740331,0.569060773480663,0.2541436464088398,0.1381215469613259,89.69050568731417,0.2857142857142857,-34,-34,1,-55,-55,1
163,5,rectangle_java.jpg,Java,low,1,A,0.7924528301886793,0.8364779874213837,0.559748427672956,0.270440251572327,0.1132075471698113,94.92340100460304,0.2291666666666666,-38,-38,1,-62,-57,2
88,2,rectangle_java2.jpg,Java,high,1,A,0.7051282051282052,0.7948717948717948,0.4358974358974359,0.2948717948717949,0.1025641025641025,104.74139617041786,0.1944444444444444,-18,-18,1,-39,-39,1
88,5,vehicle_java2.jpg,Java,high,0,B,0.6991150442477876,0.7964601769911505,0.4336283185840708,0.2920353982300885,0.0973451327433628,94.64854734558068,0.2678571428571428,-54,-31,2,-49,-40,2
43,2,vehicle_java2.jpg,Java,low,0,B,0.7724137931034483,0.8517241379310345,0.6103448275862069,0.193103448275862,0.0482758620689655,64.12750708568632,0.3125,-118,-71,4,-137,-96,4
43,5,rectangle_java2.jpg,Java,low,1,A,0.7483870967741936,0.8129032258064516,0.4903225806451612,0.2774193548387096,0.0967741935483871,64.55653855123073,0.2222222222222222,-56,-56,1,-73,-73,1
155,2,vehicle_java2.jpg,Java,medium,1,B,0.7425742574257426,0.8217821782178217,0.5099009900990099,0.2623762376237624,0.0891089108910891,86.43296231507733,0.2946428571428571,-88,-67,3,-111,-91,2
155,5,rectangle_java2.jpg,Java,medium,1,A,0.7823529411764706,0.8352941176470589,0.5470588235294118,0.2764705882352941,0.1176470588235294,80.86058197435771,0.2569444444444444,-55,-39,2,-39,-39,1
44,2,vehicle_java2.jpg,Java,medium,0,B,0.7747440273037542,0.8498293515358362,0.5631399317406144,0.2218430034129692,0.0750853242320819,69.9377396046831,0.3125,-132,-65,4,-155,-108,4
44,5,rectangle_java2.jpg,Java,medium,0,A,0.8176100628930818,0.8490566037735849,0.6415094339622641,0.1886792452830188,0.0440251572327044,59.6682179615172,0.1944444444444444,-41,-39,2,-68,-68,1
27,5,rectangle_java.jpg,Java,low,1,A,0.8440366972477065,0.8899082568807339,0.6238532110091743,0.1926605504587156,0.091743119266055,78.43071316605213,0.1736111111111111,-24,-7,2,-39,-39,1
27,2,vehicle_java.jpg,Java,low,0,B,0.8732394366197183,0.9154929577464788,0.6901408450704225,0.1267605633802817,0.056338028169014,74.0872717529369,0.1428571428571428,1,1,1,-8,-8,1
18,2,vehicle_java.jpg,Java,medium,0,B,0.7483443708609272,0.8211920529801324,0.5264900662251656,0.2814569536423841,0.1059602649006622,91.0982969932524,0.2946428571428571,-142,-114,2,-162,-128,2
20,5,vehicle_java2.jpg,Java,medium,1,B,0.7983870967741935,0.8669354838709677,0.5604838709677419,0.2540322580645161,0.125,79.77295040089034,0.3303571428571428,-82,-82,1,-105,-88,2
20,2,rectangle_java2.jpg,Java,medium,1,A,0.835820895522388,0.8855721393034826,0.6019900497512438,0.2537313432835821,0.1442786069651741,59.916665608810426,0.25,-36,-35,2,-47,-47,1
109,5,rectangle_python.jpg,Python,medium,0,A,0.8285714285714286,0.8761904761904762,0.5904761904761905,0.2571428571428571,0.1428571428571428,82.73409041993256,0.2659574468085106,-4,3,2,-15,-15,1
109,2,vehicle_python.jpg,Python,medium,0,B,0.711340206185567,0.8350515463917526,0.5360824742268041,0.2164948453608247,0.0618556701030927,108.61442896537989,0.2428571428571428,-20,-7,2,-37,-22,3
16,2,rectangle_java2.jpg,Java,high,1,A,0.7534883720930232,0.8372093023255814,0.4976744186046511,0.3255813953488372,0.1674418604651162,75.41728973341,0.2638888888888889,-84,-63,3,-87,-79,2
16,5,vehicle_java2.jpg,Java,high,1,B,0.8219895287958116,0.8586387434554974,0.6047120418848168,0.2382198952879581,0.0994764397905759,61.26597911522819,0.2857142857142857,-152,-133,3,-169,-156,3
29,2,vehicle_java2.jpg,Java,low,0,B,0.644808743169399,0.7431693989071039,0.4207650273224044,0.3387978142076502,0.087431693989071,82.07162687233826,0.3035714285714285,-129,-97,2,-125,-98,2
29,5,rectangle_java2.jpg,Java,low,0,A,0.7100591715976331,0.7692307692307693,0.3964497041420118,0.3550295857988165,0.1301775147928994,71.6734751254513,0.2569444444444444,-100,-86,2,-93,-75,2
107,2,rectangle_java.jpg,Java,medium,0,A,0.8317307692307693,0.8846153846153846,0.5817307692307693,0.2211538461538461,0.110576923076923,85.14442035639318,0.25,-62,-9,2,-49,-49,1
138,2,rectangle_java2.jpg,Java,medium,1,A,0.8571428571428571,0.9006211180124224,0.6583850931677019,0.1925465838509316,0.0993788819875776,71.82283842522806,0.2361111111111111,-7,-6,2,-39,-39,1
89,5,rectangle_java2.jpg,Java,medium,0,A,0.8705357142857143,0.8928571428571429,0.6160714285714286,0.2410714285714285,0.1383928571428571,68.0485159366805,0.2708333333333333,-44,-32,2,-61,-61,1
89,2,vehicle_java2.jpg,Java,medium,0,B,0.868421052631579,0.916267942583732,0.7033492822966507,0.1818181818181818,0.1004784688995215,71.19610581151389,0.3571428571428571,-93,-35,3,-103,-59,4
154,5,rectangle_java2.jpg,Java,low,1,A,0.8323863636363636,0.8664772727272727,0.6335227272727273,0.2414772727272727,0.1107954545454545,57.869790688573936,0.2638888888888889,-126,-95,3,-128,-117,2
154,2,vehicle_java2.jpg,Java,low,0,B,0.7511627906976744,0.813953488372093,0.5302325581395348,0.2511627906976744,0.0674418604651162,73.39893146822381,0.3303571428571428,-266,-191,3,-277,-209,5
42,5,rectangle_java2.jpg,Java,high,1,A,0.7446808510638298,0.8297872340425532,0.5319148936170213,0.1914893617021276,0.0425531914893617,78.94149230504199,0.1597222222222222,12,12,1,-23,-23,1
42,2,vehicle_java2.jpg,Java,high,0,B,0.6964285714285714,0.8214285714285714,0.5267857142857143,0.1964285714285714,0.0267857142857142,107.03156735839045,0.2589285714285714,-43,-23,2,-44,-37,2
162,2,rectangle_java.jpg,Java,low,1,A,0.7424242424242424,0.8446969696969697,0.5416666666666666,0.2462121212121212,0.0946969696969697,95.90087587979949,0.2569444444444444,-126,-67,4,-114,-94,3
74,5,vehicle_java2.jpg,Java,high,1,B,0.8041237113402062,0.8969072164948454,0.6288659793814433,0.1752577319587628,0.0824742268041237,77.3966874180805,0.2232142857142857,-7,-7,1,-11,-11,1
74,2,rectangle_java2.jpg,Java,high,1,A,0.83,0.89,0.54,0.24,0.14,80.96951314974388,0.1944444444444444,1,1,1,-22,-22,1
196,2,vehicle_java2.jpg,Java,low,0,B,0.7091836734693877,0.8010204081632653,0.5153061224489796,0.2704081632653061,0.0765306122448979,75.01346520715568,0.3035714285714285,-87,-61,2,-111,-87,2
196,5,rectangle_java2.jpg,Java,low,0,A,0.7722772277227723,0.8151815181518152,0.4884488448844885,0.3102310231023102,0.1287128712871287,90.04308833894734,0.2847222222222222,-172,-128,5,-165,-111,3
80,2,vehicle_java.jpg,Java,high,0,B,0.5421686746987951,0.7108433734939759,0.3373493975903614,0.3373493975903614,0.0602409638554216,158.74558349632,0.1964285714285714,-60,-36,2,-61,-53,2
80,5,rectangle_java.jpg,Java,high,0,A,0.5698924731182796,0.6881720430107527,0.2365591397849462,0.4301075268817204,0.1290322580645161,146.3391229255112,0.1944444444444444,-64,-56,3,-75,-61,2
191,2,vehicle_java2.jpg,Java,medium,1,B,0.8137651821862348,0.8744939271255061,0.5668016194331984,0.242914979757085,0.1214574898785425,80.27763688477515,0.3303571428571428,-80,-80,1,-103,-96,2
87,2,rectangle_java2.jpg,Java,high,0,A,0.8185654008438819,0.8607594936708861,0.5611814345991561,0.2784810126582278,0.1434599156118143,76.33524542391366,0.2708333333333333,-74,-74,1,-99,-99,1
87,5,vehicle_java2.jpg,Java,high,1,B,0.9007936507936508,0.9325396825396826,0.6746031746031746,0.2261904761904762,0.1626984126984127,57.97721838305592,0.2946428571428571,-10,-10,1,-32,-32,1
73,2,vehicle_java2.jpg,Java,medium,0,B,0.7418397626112759,0.8308605341246291,0.5905044510385756,0.2492581602373887,0.0830860534124629,69.63760810900806,0.2410714285714285,-165,-132,3,-177,-146,4
73,5,rectangle_java2.jpg,Java,medium,1,A,0.7962962962962963,0.8444444444444444,0.5296296296296297,0.2962962962962963,0.1444444444444444,86.59207294817692,0.2638888888888889,-116,-92,3,-115,-114,2
37,5,vehicle_java2.jpg,Java,low,1,B,0.7945736434108527,0.8449612403100775,0.5503875968992248,0.2635658914728682,0.1124031007751938,62.441072376561415,0.2767857142857143,-106,-69,2,-117,-93,2
37,2,rectangle_java2.jpg,Java,low,0,A,0.7935779816513762,0.8440366972477065,0.555045871559633,0.2522935779816513,0.1009174311926605,55.953270450318215,0.2430555555555555,-78,-60,2,-80,-75,2
121,5,rectangle_java2.jpg,Java,medium,1,A,0.751412429378531,0.8022598870056498,0.5536723163841808,0.2598870056497175,0.0677966101694915,53.42321389070832,0.2569444444444444,-82,-70,2,-77,-77,1
30,2,vehicle_java2.jpg,Java,none,0,B,0.7777777777777778,0.837037037037037,0.562962962962963,0.2,0.0444444444444444,68.97691921854438,0.25,-35,-35,1,-58,-58,1
30,5,rectangle_java2.jpg,Java,none,0,A,0.821917808219178,0.8561643835616438,0.5616438356164384,0.2465753424657534,0.1095890410958904,77.64914009379702,0.2083333333333333,-48,-48,1,-72,-72,1
126,5,rectangle_java2.jpg,Java,high,1,A,0.8187919463087249,0.8489932885906041,0.5268456375838926,0.2651006711409396,0.1174496644295302,58.416370141037454,0.3055555555555556,-140,-77,2,-121,-121,1
126,2,vehicle_java2.jpg,Java,high,1,B,0.7523510971786834,0.8181818181818182,0.5297805642633229,0.2664576802507837,0.0877742946708464,87.84120659463673,0.3571428571428571,-178,-110,3,-181,-140,3
110,5,vehicle_java2.jpg,Java,medium,0,B,0.8861788617886179,0.926829268292683,0.6585365853658537,0.1626016260162601,0.0975609756097561,61.475221106947416,0.2946428571428571,10,10,1,-12,-12,1
110,2,rectangle_java2.jpg,Java,medium,0,A,0.8620689655172413,0.896551724137931,0.6689655172413793,0.1862068965517241,0.0896551724137931,60.0437013104093,0.2222222222222222,-11,-11,1,-27,-27,1
128,2,rectangle_java2.jpg,Java,medium,1,A,0.8148148148148148,0.8600823045267489,0.5802469135802469,0.2263374485596707,0.0905349794238683,70.86074165935617,0.2847222222222222,-88,-63,3,-81,-81,1
128,5,vehicle_java2.jpg,Java,medium,0,B,0.8275862068965517,0.8864097363083164,0.6125760649087221,0.2312373225152129,0.1196754563894523,65.21621836315917,0.3392857142857143,-190,-100,4,-196,-118,4
117,5,rectangle_java2.jpg,Java,medium,1,A,0.7575757575757576,0.8316498316498316,0.5016835016835017,0.3299663299663299,0.1649831649831649,70.63602073170618,0.2777777777777778,-139,-98,3,-138,-113,2
117,2,vehicle_java2.jpg,Java,medium,1,B,0.8271604938271605,0.8888888888888888,0.6255144032921811,0.2139917695473251,0.1069958847736625,83.37718041540697,0.2857142857142857,-69,-42,2,-85,-68,2
3,2,vehicle_java2.jpg,Java,none,0,B,0.8516483516483516,0.8901098901098901,0.6593406593406593,0.1758241758241758,0.0714285714285714,56.86895650443759,0.2767857142857143,-45,-45,1,-62,-62,1
3,5,rectangle_java2.jpg,Java,none,1,A,0.8507462686567164,0.8656716417910447,0.5746268656716418,0.2313432835820895,0.1044776119402985,57.85867484898239,0.2430555555555555,-27,-27,1,-56,-56,1
143,5,rectangle_java2.jpg,Java,high,1,A,0.6595744680851063,0.776595744680851,0.4148936170212766,0.3297872340425531,0.1170212765957446,92.23282787155776,0.2361111111111111,-40,-36,2,-56,-56,1
143,2,vehicle_java2.jpg,Java,high,0,B,0.75,0.8333333333333334,0.5757575757575758,0.2348484848484848,0.0757575757575757,98.51580781104803,0.2589285714285714,-18,-18,1,-41,-41,1
55,5,vehicle_java2.jpg,Java,medium,0,B,0.8235294117647058,0.8770053475935828,0.6283422459893048,0.232620320855615,0.1122994652406417,59.01236218998858,0.25,-134,-134,1,-143,-139,2
55,2,rectangle_java2.jpg,Java,medium,1,A,0.8663239074550129,0.9023136246786632,0.5938303341902313,0.2879177377892031,0.1928020565552699,59.874360572517,0.3055555555555556,-94,-84,3,-93,-80,2
4,2,rectangle_java2.jpg,Java,medium,1,A,0.7892156862745098,0.8333333333333334,0.5196078431372549,0.2990196078431372,0.1372549019607843,72.8666530041462,0.2638888888888889,-68,-62,2,-85,-82,2
4,5,vehicle_java2.jpg,Java,medium,0,B,0.8125,0.85,0.5625,0.2458333333333333,0.1,60.53316523089997,0.2589285714285714,-97,-95,2,-118,-118,1
99,5,vehicle_java2.jpg,Java,high,0,B,0.8378378378378378,0.8918918918918919,0.5945945945945946,0.2195945945945946,0.1148648648648648,56.27203305246552,0.2946428571428571,-104,-42,3,-122,-65,3
99,2,rectangle_java2.jpg,Java,high,1,A,0.791907514450867,0.8323699421965318,0.5549132947976878,0.2485549132947976,0.0867052023121387,70.52582165180327,0.2569444444444444,-71,-67,2,-75,-68,2
186,2,rectangle_java2.jpg,Java,medium,1,A,0.8296943231441049,0.8820960698689956,0.6069868995633187,0.2270742358078602,0.1135371179039301,61.32660075447997,0.2777777777777778,-74,-44,2,-80,-80,1
172,2,vehicle_java2.jpg,Java,low,1,B,0.8620689655172413,0.9195402298850576,0.6206896551724138,0.1954022988505747,0.1206896551724138,65.94754752189165,0.2946428571428571,-13,30,2,-30,-3,2
64,5,rectangle_java2.jpg,Java,medium,1,A,0.7588075880758808,0.8184281842818428,0.4986449864498645,0.2899728997289973,0.1111111111111111,76.20557684722961,0.2916666666666667,-216,-82,5,-197,-119,4
64,2,vehicle_java2.jpg,Java,medium,0,B,0.7550675675675675,0.8445945945945946,0.5675675675675675,0.2314189189189189,0.0777027027027027,84.97339517711669,0.3660714285714285,-334,-176,7,-345,-222,5
175,2,rectangle_python.jpg,Python,medium,1,A,0.7037037037037037,0.7870370370370371,0.5092592592592593,0.2685185185185185,0.0648148148148148,72.08630030419377,0.2765957446808511,-39,-39,1,-56,-56,1
63,5,rectangle_java.jpg,Java,medium,1,A,0.7935943060498221,0.8434163701067615,0.5480427046263345,0.2597864768683274,0.1067615658362989,86.78233437722011,0.2777777777777778,-122,-87,2,-121,-106,2
63,2,vehicle_java.jpg,Java,medium,0,B,0.8076923076923077,0.8615384615384616,0.5807692307692308,0.2461538461538461,0.1115384615384615,90.75601790840923,0.3035714285714285,-92,-85,2,-115,-100,2
181,2,rectangle_java2.jpg,Java,none,0,A,0.9148936170212766,0.925531914893617,0.723404255319149,0.1170212765957446,0.0531914893617021,64.5099478418349,0.2291666666666666,11,11,1,-28,-28,1
181,5,vehicle_java2.jpg,Java,none,0,B,0.8802816901408451,0.9154929577464788,0.6549295774647887,0.176056338028169,0.0985915492957746,48.62032913516186,0.25,-3,-3,1,-17,-17,1
97,2,vehicle_java2.jpg,Java,medium,0,B,0.8821428571428571,0.9214285714285714,0.6785714285714286,0.175,0.1,63.7300834518008,0.3035714285714285,-50,-30,2,-74,-46,2
97,5,rectangle_java2.jpg,Java,medium,1,A,0.8304347826086956,0.8565217391304348,0.5521739130434783,0.2391304347826087,0.1,82.97566885750655,0.2708333333333333,-88,-67,2,-95,-92,2
116,2,vehicle_java2.jpg,Java,low,0,B,0.9305555555555556,0.9537037037037036,0.7361111111111112,0.1527777777777778,0.1111111111111111,61.95667104202681,0.3214285714285714,10,10,1,-11,-11,1
38,2,rectangle_java2.jpg,Java,none,0,A,0.783410138248848,0.8387096774193549,0.5576036866359447,0.2442396313364055,0.0875576036866359,64.83870029011653,0.2152777777777778,-94,-66,4,-88,-67,2
118,5,vehicle_java.jpg,Java,high,1,B,0.7807017543859649,0.868421052631579,0.5087719298245614,0.2807017543859649,0.1578947368421052,116.18390727283035,0.2321428571428571,-15,-15,1,-31,-31,1
31,2,rectangle_java2.jpg,Java,medium,1,A,0.8172043010752689,0.8745519713261649,0.5949820788530465,0.2508960573476702,0.1290322580645161,67.30843905401682,0.2916666666666667,-89,-65,2,-108,-108,1
31,5,vehicle_java2.jpg,Java,medium,0,B,0.8446969696969697,0.8939393939393939,0.6628787878787878,0.1856060606060606,0.0833333333333333,56.32164067291449,0.2857142857142857,-61,-61,1,-84,-84,1
120,2,rectangle_java.jpg,Java,medium,0,A,0.8384279475982532,0.8777292576419214,0.6069868995633187,0.2358078602620087,0.1179039301310043,83.7060576908751,0.2569444444444444,-62,-38,2,-62,-61,2
36,5,vehicle_java.jpg,Java,none,0,B,0.7933884297520661,0.859504132231405,0.5371900826446281,0.2314049586776859,0.0991735537190082,79.23966264168932,0.2678571428571428,-15,-15,1,-32,-32,1
36,2,rectangle_java.jpg,Java,none,0,A,0.8478260869565217,0.8913043478260869,0.5760869565217391,0.2717391304347826,0.1739130434782608,83.28704270719338,0.1875,-1,-1,1,-32,-32,1
96,5,rectangle_java2.jpg,Java,low,1,A,0.7443946188340808,0.8340807174887892,0.547085201793722,0.2690582959641255,0.1076233183856502,85.72454399775813,0.2569444444444444,-88,-70,4,-92,-67,2
96,2,vehicle_java2.jpg,Java,low,0,B,0.8658536585365854,0.9146341463414634,0.6747967479674797,0.1788617886178861,0.0975609756097561,62.98413723102322,0.2857142857142857,-32,-32,1,-55,-53,2
180,2,vehicle_java2.jpg,Java,low,1,B,0.759493670886076,0.8417721518987342,0.5189873417721519,0.2531645569620253,0.1012658227848101,82.82400160682481,0.2857142857142857,-53,-35,2,-69,-49,2
180,5,rectangle_java2.jpg,Java,low,1,A,0.8205128205128205,0.8846153846153846,0.5705128205128205,0.2307692307692307,0.1217948717948717,71.84648843231294,0.2430555555555555,-24,-4,2,-28,-28,1
62,5,vehicle_java.jpg,Java,medium,0,B,0.8,0.91,0.61,0.11,0.03,72.6192816780876,0.1875,0,-9,2,-25,-25,1
62,2,rectangle_java.jpg,Java,medium,1,A,0.8832116788321168,0.9197080291970804,0.6496350364963503,0.1678832116788321,0.0948905109489051,77.65716215472312,0.2291666666666666,-5,-1,2,-24,-24,1
65,5,vehicle_java.jpg,Java,low,0,B,0.7070707070707071,0.8181818181818182,0.4444444444444444,0.2525252525252525,0.0808080808080808,97.0492867173102,0.2053571428571428,-30,-30,1,-44,-44,1
65,2,rectangle_java.jpg,Java,low,0,A,0.64,0.78,0.34,0.3,0.1,147.02493969907067,0.1041666666666666,-7,-7,1,-19,-19,1
91,5,rectangle_java2.jpg,Java,medium,1,A,0.9154929577464788,0.9366197183098592,0.5985915492957746,0.2605633802816901,0.204225352112676,59.26457085973576,0.2291666666666666,8,8,1,-29,-29,1
91,2,vehicle_java2.jpg,Java,medium,1,B,0.8080357142857143,0.8705357142857143,0.5848214285714286,0.2544642857142857,0.1294642857142857,87.32704664931313,0.3214285714285714,-55,-55,1,-78,-66,2
53,2,rectangle_java.jpg,Java,medium,1,A,0.6936416184971098,0.7976878612716763,0.4624277456647399,0.2947976878612717,0.0982658959537572,100.24573105367304,0.2569444444444444,-92,-58,3,-80,-70,2
53,5,vehicle_java.jpg,Java,medium,1,B,0.7293233082706767,0.8045112781954887,0.5263157894736842,0.2781954887218045,0.0902255639097744,90.87496589442928,0.1875,-41,-41,1,-57,-57,1
145,2,rectangle_java2.jpg,Java,medium,1,A,0.7527472527472527,0.8131868131868132,0.5274725274725275,0.2582417582417582,0.0769230769230769,60.15129767742319,0.2430555555555555,-78,-78,1,-101,-101,1
145,5,vehicle_java2.jpg,Java,medium,0,B,0.8221343873517787,0.8695652173913043,0.5810276679841897,0.2213438735177865,0.0948616600790513,54.211738693102966,0.3125,-86,-55,2,-101,-82,2
5,5,vehicle_java2.jpg,Java,low,0,B,0.8484848484848485,0.896969696969697,0.6181818181818182,0.1878787878787878,0.0909090909090909,66.50177210035814,0.3214285714285714,-31,-31,1,-55,-40,2
5,2,rectangle_java2.jpg,Java,low,1,A,0.7914438502673797,0.8449197860962567,0.5454545454545454,0.2620320855614973,0.1122994652406417,76.48976952556988,0.2638888888888889,-62,-55,3,-61,-51,2
54,5,rectangle_java.jpg,Java,medium,1,A,0.7284345047923323,0.8178913738019169,0.5079872204472844,0.3099041533546325,0.1309904153354632,108.30079182703346,0.2916666666666667,-166,-115,4,-166,-141,3
54,2,vehicle_java.jpg,Java,medium,0,B,0.8068965517241379,0.8758620689655172,0.6689655172413793,0.1655172413793103,0.0482758620689655,93.0229178105986,0.2589285714285714,-17,-17,1,-40,-40,1
142,2,vehicle_java2.jpg,Java,medium,0,B,0.820627802690583,0.874439461883408,0.6188340807174888,0.2197309417040358,0.0986547085201793,62.68023663322055,0.3303571428571428,-52,-52,1,-75,-74,2
142,5,rectangle_java2.jpg,Java,medium,1,A,0.8218390804597702,0.8706896551724138,0.5977011494252874,0.2557471264367816,0.1293103448275862,62.79049287073986,0.2708333333333333,-131,-78,4,-107,-91,3
189,5,rectangle_java2.jpg,Java,medium,0,A,0.8715083798882681,0.905027932960894,0.6759776536312849,0.2067039106145251,0.1173184357541899,62.355115779932994,0.2361111111111111,-9,-9,1,-34,-34,1
189,2,vehicle_java2.jpg,Java,medium,1,B,0.8,0.9,0.6818181818181818,0.1363636363636363,0.0454545454545454,68.37706573543957,0.2410714285714285,4,4,1,-12,-12,1
202,2,vehicle_java.jpg,Java,medium,0,B,0.7577319587628866,0.8247422680412371,0.5481099656357389,0.2663230240549828,0.0927835051546391,97.12456975567918,0.3392857142857143,-344,-267,5,-349,-298,5
202,5,rectangle_java.jpg,Java,medium,1,A,0.8359788359788359,0.8624338624338624,0.5925925925925926,0.2539682539682539,0.1216931216931216,80.78971688257886,0.2361111111111111,-62,-51,2,-77,-77,1
204,5,rectangle_java.jpg,Java,low,0,A,0.7714285714285715,0.8571428571428571,0.5142857142857142,0.1714285714285714,0.0571428571428571,130.03225084439373,0.1111111111111111,8,8,1,-29,-29,1
204,2,vehicle_java.jpg,Java,low,0,B,0.52,0.72,0.32,0.28,0.04,125.91458437141436,0.0892857142857142,-14,-14,1,-24,-24,1
203,2,rectangle_java.jpg,Java,medium,0,A,0.6632653061224489,0.7755102040816326,0.4795918367346938,0.3265306122448979,0.1122448979591836,112.34561712821642,0.1736111111111111,-45,-43,2,-47,-47,1
203,5,vehicle_java.jpg,Java,medium,0,B,0.6153846153846154,0.75,0.3653846153846153,0.3269230769230769,0.0961538461538461,114.3070523779314,0.1875,-17,-17,1,-29,-29,1
210,2,vehicle_java2.jpg,Java,high,0,B,0.8043478260869565,0.8623188405797102,0.5797101449275363,0.2101449275362318,0.0797101449275362,76.01868192239355,0.2678571428571428,-27,-27,1,-49,-49,1
210,5,rectangle_java2.jpg,Java,high,1,A,0.8099173553719008,0.8677685950413223,0.5785123966942148,0.1983471074380165,0.0743801652892562,61.39452957990473,0.1944444444444444,-14,-14,1,-38,-38,1
216,2,vehicle_java2.jpg,Java,none,0,B,0.69,0.8,0.45,0.31,0.12,96.85466524472946,0.1964285714285714,-37,-37,1,-47,-47,1
211,5,vehicle_java2.jpg,Java,medium,0,B,0.8679245283018868,0.9009433962264152,0.7122641509433962,0.160377358490566,0.0660377358490566,55.1783503196944,0.2857142857142857,-33,-33,1,-52,-52,1
211,2,rectangle_java2.jpg,Java,medium,1,A,0.9121621621621622,0.9256756756756755,0.7398648648648649,0.1689189189189189,0.0979729729729729,45.636408909463725,0.2777777777777778,-24,-24,1,-31,-31,1
49,2,rectangle_python.jpg,Python,medium,1,A,0.7425742574257426,0.8514851485148515,0.5148514851485149,0.2673267326732673,0.1287128712871287,113.66761014983436,0.2659574468085106,-14,12,3,-19,-5,2
82,5,rectangle_java2.jpg,Java,high,1,A,0.8181818181818182,0.8770053475935828,0.5721925133689839,0.2727272727272727,0.1550802139037433,79.48758832032597,0.2430555555555555,-42,-27,2,-35,-35,1
82,2,vehicle_java2.jpg,Java,high,0,B,0.788,0.872,0.6,0.236,0.112,85.7078131922297,0.2589285714285714,-70,-62,3,-87,-72,2
194,2,rectangle_java.jpg,Java,medium,1,A,0.8153241650294696,0.8703339882121808,0.5893909626719057,0.2475442043222004,0.1198428290766208,90.64091915171116,0.2986111111111111,-224,-109,5,-202,-143,4
158,2,rectangle_java2.jpg,Java,high,1,A,0.7635467980295566,0.8374384236453202,0.6059113300492611,0.2216748768472906,0.064039408866995,71.19248822516697,0.2569444444444444,-62,-54,2,-64,-53,2
158,5,vehicle_java2.jpg,Java,high,0,B,0.8461538461538461,0.8986013986013986,0.6713286713286714,0.1993006993006993,0.1013986013986013,59.387367557038864,0.2589285714285714,-62,-47,2,-79,-63,2
71,2,rectangle_java.jpg,Java,low,0,A,0.6966292134831461,0.8089887640449438,0.4831460674157303,0.2808988764044944,0.1011235955056179,120.05709382893832,0.1805555555555555,-34,-34,1,-32,-32,1
78,5,rectangle_java2.jpg,Java,low,0,A,0.8969957081545065,0.9184549356223176,0.6437768240343348,0.2145922746781116,0.1373390557939914,62.24188681914159,0.2638888888888889,-36,-24,2,-42,-42,1
78,2,vehicle_java2.jpg,Java,low,0,B,0.8404255319148937,0.9148936170212766,0.6063829787234043,0.202127659574468,0.1276595744680851,79.9631410572119,0.25,15,15,1,-2,-2,1
47,5,rectangle_python.jpg,Python,medium,1,A,0.7282608695652174,0.8260869565217391,0.5108695652173914,0.2608695652173913,0.0978260869565217,101.61763146824346,0.2872340425531915,-14,-9,2,-24,-22,2
151,5,vehicle_java2.jpg,Java,high,0,B,0.7965299684542587,0.8485804416403786,0.6198738170347003,0.2318611987381703,0.0820189274447949,61.64401188719789,0.3125,-298,-233,4,-321,-250,4
151,2,rectangle_java2.jpg,Java,high,1,A,0.8228346456692913,0.8464566929133859,0.610236220472441,0.2283464566929134,0.076771653543307,49.23311276019746,0.2916666666666667,-246,-213,3,-239,-210,3
169,2,vehicle_java.jpg,Java,medium,0,B,0.73125,0.825,0.5125,0.225,0.05625,88.35132183158682,0.2232142857142857,-64,-23,2,-87,-59,2
169,5,rectangle_java.jpg,Java,medium,1,A,0.7216494845360825,0.8075601374570447,0.4776632302405498,0.2955326460481099,0.1065292096219931,99.8858616123012,0.2847222222222222,-170,-82,5,-152,-110,3
40,2,rectangle_java.jpg,Java,medium,1,A,0.797752808988764,0.8595505617977528,0.5842696629213483,0.2808988764044944,0.146067415730337,102.3479938600424,0.2361111111111111,-44,-44,1,-63,-55,2
40,5,vehicle_java.jpg,Java,medium,0,B,0.7371428571428571,0.8514285714285714,0.5542857142857143,0.2342857142857143,0.0914285714285714,107.60765921461412,0.2946428571428571,-57,-43,2,-81,-62,2
14,2,rectangle_java2.jpg,Java,medium,1,A,0.8280254777070064,0.8726114649681529,0.5796178343949044,0.2547770700636942,0.1337579617834395,70.37119804324915,0.2569444444444444,-31,-31,1,-56,-56,1
105,2,rectangle_java2.jpg,Java,high,1,A,0.8235294117647058,0.875,0.625,0.1838235294117647,0.0661764705882353,70.51689161723347,0.1944444444444444,-32,-31,2,-62,-62,1
105,5,vehicle_java2.jpg,Java,high,0,B,0.8433734939759037,0.891566265060241,0.6746987951807228,0.1746987951807229,0.072289156626506,49.27596302605345,0.2410714285714285,-24,-24,1,-46,-46,1
13,2,rectangle_java2.jpg,Java,medium,1,A,0.8196078431372549,0.8588235294117647,0.5294117647058824,0.2784313725490196,0.1411764705882353,73.17994364113156,0.2569444444444444,-108,-67,3,-115,-107,2
13,5,vehicle_java2.jpg,Java,medium,0,B,0.7771739130434783,0.8496376811594203,0.5670289855072463,0.2300724637681159,0.0815217391304347,73.26907431404415,0.3125,-308,-241,5,-319,-257,5
133,5,vehicle_java2.jpg,Java,medium,0,B,0.8277153558052435,0.8838951310861424,0.5880149812734082,0.2209737827715356,0.1086142322097378,70.84000351127122,0.3392857142857143,-83,-63,3,-106,-68,3
25,2,rectangle_java2.jpg,Java,medium,1,A,0.8287292817679558,0.8701657458563536,0.5828729281767956,0.2486187845303867,0.1215469613259668,63.04883604132307,0.2916666666666667,-142,-94,4,-148,-132,2
25,5,vehicle_java2.jpg,Java,medium,0,B,0.8116438356164384,0.8698630136986302,0.6027397260273972,0.2363013698630137,0.1095890410958904,59.02843963538484,0.2857142857142857,-100,-86,2,-123,-98,2
168,2,rectangle_java2.jpg,Java,medium,0,A,0.7923387096774194,0.8528225806451613,0.5745967741935484,0.2741935483870967,0.1290322580645161,74.30981585786974,0.3055555555555556,-228,-156,3,-209,-159,4
168,5,vehicle_java2.jpg,Java,medium,0,B,0.782608695652174,0.8616600790513834,0.5810276679841897,0.2371541501976284,0.1027667984189723,89.52121575731393,0.3214285714285714,-93,-55,3,-103,-78,2
41,5,vehicle_java2.jpg,Java,high,1,B,0.8468468468468469,0.8888888888888888,0.6336336336336337,0.2162162162162162,0.1081081081081081,58.796274657598914,0.3392857142857143,-98,-89,2,-121,-113,2
41,2,rectangle_java2.jpg,Java,high,1,A,0.8364779874213837,0.8710691823899371,0.5943396226415094,0.2515723270440251,0.1257861635220125,60.95631562432439,0.2638888888888889,-106,-100,3,-110,-99,2
79,2,vehicle_java2.jpg,Java,medium,1,B,0.8451612903225807,0.8838709677419355,0.6258064516129033,0.1806451612903225,0.0677419354838709,57.12183613051781,0.2946428571428571,-110,-51,3,-122,-84,3
79,5,rectangle_java2.jpg,Java,medium,1,A,0.8712121212121212,0.9015151515151516,0.6401515151515151,0.1931818181818181,0.0984848484848484,60.47780910425895,0.2847222222222222,-66,-9,3,-41,-41,1
192,2,rectangle_java.jpg,Java,medium,0,A,0.8344155844155844,0.8798701298701299,0.6363636363636364,0.2142857142857142,0.0974025974025974,73.78013296011137,0.2708333333333333,-100,-59,3,-100,-89,2
192,5,vehicle_java.jpg,Java,medium,0,B,0.869281045751634,0.915032679738562,0.6862745098039216,0.1633986928104575,0.0849673202614379,95.42063630620908,0.2946428571428571,-7,-7,1,-27,-27,1
84,2,vehicle_java2.jpg,Java,medium,0,B,0.796812749003984,0.852589641434263,0.549800796812749,0.2629482071713147,0.1195219123505976,59.43867309359023,0.3303571428571428,-92,-85,2,-115,-104,2
84,5,rectangle_java2.jpg,Java,medium,1,A,0.7908745247148289,0.8593155893536122,0.5247148288973384,0.2623574144486692,0.1254752851711026,79.73776774792336,0.2291666666666666,-137,-90,4,-128,-84,3
166,5,vehicle_java.jpg,Java,medium,1,B,0.7475409836065574,0.8360655737704918,0.5311475409836065,0.2622950819672131,0.101639344262295,108.85384002033362,0.3571428571428571,-158,-114,4,-179,-140,4
70,5,vehicle_java2.jpg,Java,low,1,B,0.7906976744186046,0.8527131782945736,0.6046511627906976,0.2015503875968992,0.0620155038759689,61.9242309633677,0.2142857142857142,-34,-34,1,-48,-48,1
48,2,vehicle_java2.jpg,Java,high,0,B,0.835,0.89,0.62,0.23,0.125,65.31341387142727,0.2767857142857143,-35,-34,2,-58,-58,1
48,5,rectangle_java2.jpg,Java,high,1,A,0.8682170542635659,0.9069767441860463,0.627906976744186,0.2170542635658914,0.1317829457364341,68.76330239463198,0.1875,-3,-3,1,-33,-33,1
161,2,vehicle_python.jpg,Python,medium,0,B,0.7409638554216867,0.8253012048192772,0.536144578313253,0.216867469879518,0.0481927710843373,85.52535692328723,0.3142857142857143,-74,-15,3,-91,-35,3
77,5,rectangle_java2.jpg,Java,medium,1,A,0.7755681818181818,0.84375,0.5170454545454546,0.2897727272727273,0.1363636363636363,71.33823233384493,0.2569444444444444,-172,-115,3,-153,-130,2
77,2,vehicle_java2.jpg,Java,medium,0,B,0.8920308483290489,0.9203084832904884,0.6812339331619537,0.1928020565552699,0.1156812339331619,58.46360277943759,0.3392857142857143,-72,-56,2,-95,-83,3
83,5,rectangle_java2.jpg,Java,medium,0,A,0.7714285714285715,0.8485714285714285,0.5428571428571428,0.2742857142857143,0.1257142857142857,70.92079624399516,0.2916666666666667,-178,-112,4,-159,-126,3
83,2,vehicle_java2.jpg,Java,medium,1,B,0.8178913738019169,0.8722044728434505,0.6389776357827476,0.2140575079872204,0.0894568690095846,68.64303610376643,0.2767857142857143,-109,-96,3,-114,-107,3
135,2,rectangle_java2.jpg,Java,medium,0,A,0.7061855670103093,0.7731958762886598,0.4484536082474227,0.3092783505154639,0.0876288659793814,88.20740357715981,0.2569444444444444,-108,-96,2,-116,-110,2
135,5,vehicle_java2.jpg,Java,medium,0,B,0.6804123711340206,0.7972508591065293,0.4673539518900343,0.2886597938144329,0.0893470790378006,92.35293496860191,0.3214285714285714,-190,-151,3,-207,-181,3
24,5,rectangle_java2.jpg,Java,medium,0,A,0.8860103626943006,0.917098445595855,0.6839378238341969,0.1813471502590673,0.1036269430051813,58.84077984417925,0.2569444444444444,-17,-17,1,-30,-30,1
24,2,vehicle_java2.jpg,Java,medium,0,B,0.8413461538461539,0.8990384615384616,0.7019230769230769,0.1826923076923076,0.0865384615384615,57.827026284996194,0.3035714285714285,-34,-34,1,-40,-40,1
132,2,rectangle_java2.jpg,Java,low,0,A,0.7628361858190709,0.823960880195599,0.5330073349633252,0.2640586797066014,0.0904645476772616,72.01110696837436,0.2986111111111111,-230,-138,6,-217,-169,3
132,5,vehicle_java2.jpg,Java,low,0,B,0.8074324324324325,0.8513513513513513,0.5777027027027027,0.2195945945945946,0.0743243243243243,67.13011939524304,0.2946428571428571,-141,-116,4,-147,-127,3
12,5,rectangle_java2.jpg,Java,low,0,A,0.8214285714285714,0.8642857142857143,0.5357142857142857,0.2428571428571428,0.1142857142857142,74.6482980716982,0.2291666666666666,-26,-1,2,-35,-35,1
12,2,vehicle_java2.jpg,Java,low,0,B,0.8342105263157895,0.8710526315789474,0.6157894736842106,0.2052631578947368,0.0789473684210526,60.857452681066704,0.3035714285714285,-152,-82,2,-169,-121,2
104,2,rectangle_java.jpg,Java,medium,1,A,0.7535211267605634,0.823943661971831,0.5246478873239436,0.306338028169014,0.1338028169014084,88.34416118622151,0.25,-134,-118,2,-141,-117,2
104,5,vehicle_java.jpg,Java,medium,0,B,0.7272727272727273,0.8225108225108225,0.5541125541125541,0.2467532467532467,0.0735930735930736,95.31742130557906,0.25,-104,-78,2,-118,-89,2
15,2,rectangle_java.jpg,Java,medium,0,A,0.9060773480662984,0.9226519337016574,0.6574585635359116,0.1657458563535911,0.0939226519337016,81.04054310162634,0.2361111111111111,-24,-8,2,-49,-49,1
