Participant,Trial,code_file,Programming_Language,Expertise,Complexity,Stage,Vertical_Next_Text,Vertical_Later_Text,Horizontal_Later_Text,Regression_Rate,Line_Regression_Rate,Saccade_Length,Element_Coverage
147,5,vehicle_java2.jpg,Java,medium,B,stage1,0.8181818181818182,0.8522727272727273,0.5227272727272727,0.2727272727272727,0.13636363636363635,60.9047857907318,0.1875
147,5,vehicle_java2.jpg,Java,medium,B,stage2,0.7415730337078652,0.8539325842696629,0.5393258426966292,0.25842696629213485,0.12359550561797752,104.08103259521685,0.17857142857142858
147,2,rectangle_java2.jpg,Java,medium,A,stage1,0.8633093525179856,0.8992805755395683,0.6402877697841727,0.2158273381294964,0.1223021582733813,56.739128048179644,0.1875
147,2,rectangle_java2.jpg,Java,medium,A,stage2,0.7714285714285715,0.8214285714285714,0.5214285714285715,0.2571428571428571,0.08571428571428572,64.15476155707574,0.20833333333333334
51,2,vehicle_java2.jpg,Java,medium,B,stage2,0.7555555555555555,0.8444444444444444,0.5555555555555556,0.24444444444444444,0.1111111111111111,58.21835254720368,0.10714285714285714
51,5,rectangle_java2.jpg,Java,medium,A,stage2,0.7945205479452054,0.821917808219178,0.547945205479452,0.2191780821917808,0.0547945205479452,52.340547235570675,0.1597222222222222
51,2,vehicle_java2.jpg,Java,medium,B,stage1,0.8,0.8444444444444444,0.5111111111111111,0.2,0.06666666666666667,54.48761408685038,0.125
51,5,rectangle_java2.jpg,Java,medium,A,stage1,0.9166666666666666,0.9444444444444444,0.7083333333333334,0.16666666666666666,0.125,49.502533576497044,0.1111111111111111
178,2,rectangle_java2.jpg,Java,high,A,stage1,0.7758620689655172,0.8189655172413793,0.5258620689655172,0.25862068965517243,0.08620689655172414,64.15044497851527,0.1736111111111111
178,2,rectangle_java2.jpg,Java,high,A,stage2,0.7931034482758621,0.8275862068965517,0.6206896551724138,0.20689655172413793,0.04310344827586207,82.00948318094132,0.18055555555555555
178,5,vehicle_java2.jpg,Java,high,B,stage1,0.775,0.8125,0.525,0.2625,0.0875,58.4485174346481,0.13392857142857142
178,5,vehicle_java2.jpg,Java,high,B,stage2,0.8125,0.9,0.6,0.1875,0.1,63.33778683183929,0.1875
140,2,vehicle_java2.jpg,Java,high,B,stage2,0.7927927927927928,0.8378378378378378,0.5225225225225225,0.2702702702702703,0.11711711711711711,62.397347143568894,0.21428571428571427
140,2,vehicle_java2.jpg,Java,high,B,stage1,0.7837837837837838,0.8378378378378378,0.5675675675675675,0.1981981981981982,0.04504504504504504,51.99930713589363,0.17857142857142858
140,5,rectangle_java2.jpg,Java,high,A,stage2,0.78125,0.796875,0.40625,0.34375,0.15625,72.33037474512125,0.1388888888888889
140,5,rectangle_java2.jpg,Java,high,A,stage1,0.828125,0.859375,0.5625,0.203125,0.078125,49.524188643107756,0.1527777777777778
56,5,rectangle_java2.jpg,Java,high,A,stage2,0.8309859154929577,0.8591549295774648,0.6056338028169014,0.2676056338028169,0.14084507042253522,68.34049612349034,0.1527777777777778
56,5,rectangle_java2.jpg,Java,high,A,stage1,0.8591549295774648,0.9154929577464789,0.7323943661971831,0.15492957746478872,0.08450704225352113,63.17423094013759,0.1597222222222222
56,2,vehicle_java2.jpg,Java,high,B,stage2,0.7123287671232876,0.8082191780821918,0.5616438356164384,0.2602739726027397,0.0821917808219178,98.41485601171985,0.16071428571428573
56,2,vehicle_java2.jpg,Java,high,B,stage1,0.8082191780821918,0.8493150684931506,0.5616438356164384,0.2465753424657534,0.1095890410958904,57.964167202137475,0.13392857142857142
69,2,rectangle_java2.jpg,Java,high,A,stage1,0.9084507042253521,0.9154929577464789,0.6549295774647887,0.20422535211267606,0.1267605633802817,66.91469135842937,0.22916666666666666
69,5,vehicle_java2.jpg,Java,high,B,stage1,0.8860759493670886,0.9240506329113924,0.6518987341772152,0.189873417721519,0.12025316455696203,71.82397439507234,0.25892857142857145
69,2,rectangle_java2.jpg,Java,high,A,stage2,0.7394366197183099,0.8098591549295775,0.4788732394366197,0.3380281690140845,0.15492957746478872,85.02768822486415,0.18055555555555555
69,5,vehicle_java2.jpg,Java,high,B,stage2,0.7848101265822784,0.8481012658227848,0.569620253164557,0.24050632911392406,0.0949367088607595,72.87735050352893,0.15178571428571427
176,2,rectangle_java2.jpg,Java,low,A,stage2,0.7896825396825397,0.8452380952380952,0.5873015873015873,0.24206349206349206,0.09126984126984126,65.21156457563073,0.2569444444444444
176,2,rectangle_java2.jpg,Java,low,A,stage1,0.8928571428571429,0.9087301587301587,0.6746031746031746,0.18253968253968253,0.09523809523809523,54.95889885063413,0.2777777777777778
176,5,vehicle_java2.jpg,Java,low,B,stage1,0.9068627450980392,0.9215686274509803,0.7352941176470589,0.12745098039215685,0.05392156862745098,53.27194124103458,0.2857142857142857
176,5,vehicle_java2.jpg,Java,low,B,stage2,0.8529411764705882,0.8872549019607843,0.6715686274509803,0.1568627450980392,0.049019607843137254,60.25078957469864,0.20535714285714285
60,5,rectangle_java2.jpg,Java,medium,A,stage1,0.890625,0.9140625,0.65625,0.2109375,0.1328125,65.25474573802973,0.22916666666666666
60,5,rectangle_java2.jpg,Java,medium,A,stage2,0.7734375,0.828125,0.53125,0.2734375,0.109375,75.69457193741486,0.19444444444444445
60,2,vehicle_java2.jpg,Java,medium,B,stage2,0.8431372549019608,0.9019607843137255,0.6993464052287581,0.17647058823529413,0.08496732026143791,80.8645940423559,0.24107142857142858
60,2,vehicle_java2.jpg,Java,medium,B,stage1,0.8366013071895425,0.8888888888888888,0.7124183006535948,0.16339869281045752,0.058823529411764705,56.007588414668646,0.24107142857142858
182,5,rectangle_java2.jpg,Java,medium,A,stage1,0.8857142857142857,0.9142857142857143,0.6,0.2571428571428571,0.17857142857142858,60.78552887446622,0.2013888888888889
182,5,rectangle_java2.jpg,Java,medium,A,stage2,0.7642857142857142,0.85,0.5642857142857143,0.3,0.15714285714285714,99.53254925082759,0.20833333333333334
182,2,vehicle_java2.jpg,Java,medium,B,stage2,0.735,0.835,0.555,0.27,0.11,93.55703156561435,0.25
182,2,vehicle_java2.jpg,Java,medium,B,stage1,0.755,0.83,0.555,0.28,0.115,87.1743261312061,0.25892857142857145
94,5,vehicle_java2.jpg,Java,medium,B,stage1,0.8676470588235294,0.9558823529411765,0.7352941176470589,0.058823529411764705,0.029411764705882353,58.31369828273753,0.16071428571428573
94,2,rectangle_java2.jpg,Java,medium,A,stage2,0.9076923076923077,0.9538461538461539,0.7230769230769231,0.12307692307692308,0.09230769230769231,52.45286479148578,0.1527777777777778
94,5,vehicle_java2.jpg,Java,medium,B,stage2,0.7647058823529411,0.8382352941176471,0.6176470588235294,0.22058823529411764,0.07352941176470588,73.26508042175112,0.16071428571428573
94,2,rectangle_java2.jpg,Java,medium,A,stage1,0.7076923076923077,0.7846153846153846,0.6153846153846154,0.23076923076923078,0.03076923076923077,68.81432442196048,0.125
185,2,rectangle_java2.jpg,Java,medium,A,stage2,0.8225806451612904,0.8870967741935484,0.6935483870967742,0.14516129032258066,0.04838709677419355,57.76891126503912,0.13194444444444445
185,2,rectangle_java2.jpg,Java,medium,A,stage1,0.9344262295081968,0.9508196721311475,0.7049180327868853,0.13114754098360656,0.09836065573770492,63.435630172019415,0.1388888888888889
93,2,vehicle_java.jpg,Java,none,B,stage2,0.6666666666666666,0.7666666666666667,0.6,0.26666666666666666,0.06666666666666667,131.5325748283744,0.08035714285714286
93,2,vehicle_java.jpg,Java,none,B,stage1,0.6666666666666666,0.7666666666666667,0.5,0.2,0.0,54.60859956313127,0.09821428571428571
93,5,rectangle_java.jpg,Java,none,A,stage1,0.8809523809523809,0.8809523809523809,0.5952380952380952,0.2619047619047619,0.16666666666666666,54.01639055691766,0.0625
93,5,rectangle_java.jpg,Java,none,A,stage2,0.6511627906976745,0.7441860465116279,0.3953488372093023,0.27906976744186046,0.046511627906976744,71.7841942443619,0.1111111111111111
171,5,rectangle_java2.jpg,Java,medium,A,stage1,0.8846153846153846,0.9358974358974359,0.6410256410256411,0.21794871794871795,0.16666666666666666,60.069284611212964,0.1388888888888889
171,5,rectangle_java2.jpg,Java,medium,A,stage2,0.8354430379746836,0.8734177215189873,0.5822784810126582,0.27848101265822783,0.16455696202531644,78.93444768735145,0.18055555555555555
171,2,vehicle_java2.jpg,Java,medium,B,stage2,0.8014184397163121,0.8652482269503546,0.6312056737588653,0.20567375886524822,0.07801418439716312,78.77748957692074,0.24107142857142858
171,2,vehicle_java2.jpg,Java,medium,B,stage1,0.8723404255319149,0.9078014184397163,0.6382978723404256,0.2198581560283688,0.1347517730496454,63.55015005768213,0.22321428571428573
67,2,rectangle_java2.jpg,Java,high,A,stage2,0.7341772151898734,0.810126582278481,0.45569620253164556,0.26582278481012656,0.08860759493670886,77.68095507980668,0.1527777777777778
67,2,rectangle_java2.jpg,Java,high,A,stage1,0.7948717948717948,0.8461538461538461,0.5897435897435898,0.21794871794871795,0.07692307692307693,73.33696702102127,0.1597222222222222
58,2,vehicle_java2.jpg,Java,medium,B,stage2,0.8333333333333334,0.8846153846153846,0.6923076923076923,0.1794871794871795,0.07692307692307693,75.33894152826132,0.125
58,2,vehicle_java2.jpg,Java,medium,B,stage1,0.7922077922077922,0.8571428571428571,0.5844155844155844,0.2077922077922078,0.07792207792207792,51.6994963724707,0.17857142857142858
33,2,vehicle_java2.jpg,Java,high,B,stage1,0.828125,0.890625,0.5859375,0.25,0.1484375,68.26396018612863,0.24107142857142858
33,2,vehicle_java2.jpg,Java,high,B,stage2,0.765625,0.859375,0.5390625,0.25,0.1171875,96.57897460667378,0.24107142857142858
33,5,rectangle_java2.jpg,Java,high,A,stage1,0.6388888888888888,0.75,0.4166666666666667,0.3055555555555556,0.06944444444444445,85.14824709326054,0.1736111111111111
33,5,rectangle_java2.jpg,Java,high,A,stage2,0.684931506849315,0.8082191780821918,0.410958904109589,0.3287671232876712,0.1506849315068493,128.3164553136159,0.1527777777777778
125,2,rectangle_java.jpg,Java,medium,A,stage2,0.7090909090909091,0.7818181818181819,0.38181818181818183,0.36363636363636365,0.16363636363636364,133.03029528215114,0.14583333333333334
125,2,rectangle_java.jpg,Java,medium,A,stage1,0.6181818181818182,0.7272727272727273,0.32727272727272727,0.3090909090909091,0.05454545454545454,113.58823437424256,0.1111111111111111
34,5,rectangle_java2.jpg,Java,medium,A,stage1,0.9008264462809917,0.9338842975206612,0.7024793388429752,0.19008264462809918,0.1322314049586777,55.79170471613062,0.13194444444444445
34,5,rectangle_java2.jpg,Java,medium,A,stage2,0.8264462809917356,0.8677685950413223,0.6198347107438017,0.2644628099173554,0.14049586776859505,60.17409695031801,0.2013888888888889
34,2,vehicle_java2.jpg,Java,medium,B,stage1,0.7352941176470589,0.8235294117647058,0.5098039215686274,0.28431372549019607,0.11764705882352941,66.32353239702036,0.25
34,2,vehicle_java2.jpg,Java,medium,B,stage2,0.7941176470588235,0.8627450980392157,0.6176470588235294,0.21568627450980393,0.08823529411764706,81.39310799504597,0.13392857142857142
114,5,vehicle_java2.jpg,Java,medium,B,stage2,0.7954545454545454,0.9090909090909091,0.7045454545454546,0.11363636363636363,0.045454545454545456,83.09949697880502,0.11607142857142858
114,5,vehicle_java2.jpg,Java,medium,B,stage1,0.7272727272727273,0.8409090909090909,0.4772727272727273,0.22727272727272727,0.09090909090909091,90.32877343532182,0.14285714285714285
66,2,vehicle_java2.jpg,Java,medium,B,stage1,0.6896551724137931,0.7931034482758621,0.4827586206896552,0.3103448275862069,0.13793103448275862,77.79612203137984,0.125
66,2,vehicle_java2.jpg,Java,medium,B,stage2,0.7931034482758621,0.896551724137931,0.5862068965517241,0.10344827586206896,0.034482758620689655,100.82102540119597,0.13392857142857142
66,5,rectangle_java2.jpg,Java,medium,A,stage2,0.7931034482758621,0.8448275862068966,0.4827586206896552,0.29310344827586204,0.15517241379310345,75.08481126070728,0.1527777777777778
66,5,rectangle_java2.jpg,Java,medium,A,stage1,0.631578947368421,0.7368421052631579,0.5087719298245614,0.3157894736842105,0.07017543859649122,58.62459717926239,0.11805555555555555
170,5,vehicle_java2.jpg,Java,medium,B,stage2,0.9259259259259259,0.9506172839506173,0.7407407407407407,0.16666666666666666,0.12345679012345678,63.66928882919745,0.17857142857142858
170,5,vehicle_java2.jpg,Java,medium,B,stage1,0.7639751552795031,0.8136645962732919,0.5341614906832298,0.2484472049689441,0.06832298136645963,65.69843866879435,0.19642857142857142
59,2,vehicle_java.jpg,Java,medium,B,stage1,0.8226950354609929,0.8652482269503546,0.5673758865248227,0.2765957446808511,0.14893617021276595,67.67138671370938,0.19642857142857142
59,2,vehicle_java.jpg,Java,medium,B,stage2,0.7304964539007093,0.8156028368794326,0.524822695035461,0.2907801418439716,0.11347517730496454,105.98687656275901,0.26785714285714285
183,2,vehicle_java2.jpg,Java,medium,B,stage1,0.7857142857142857,0.8285714285714286,0.5357142857142857,0.2642857142857143,0.1,47.74979428342406,0.19642857142857142
183,2,vehicle_java2.jpg,Java,medium,B,stage2,0.7,0.8357142857142857,0.4857142857142857,0.2857142857142857,0.12857142857142856,98.13271901679214,0.2857142857142857
61,2,vehicle_java2.jpg,Java,medium,B,stage1,0.8846153846153846,0.8942307692307693,0.625,0.21153846153846154,0.11538461538461539,54.345064805336975,0.17857142857142858
61,2,vehicle_java2.jpg,Java,medium,B,stage2,0.6952380952380952,0.8,0.44761904761904764,0.3238095238095238,0.13333333333333333,91.84530235940983,0.17857142857142858
61,5,rectangle_java2.jpg,Java,medium,A,stage2,0.7134502923976608,0.7894736842105263,0.49122807017543857,0.28654970760233917,0.08187134502923976,63.6019569281792,0.2361111111111111
61,5,rectangle_java2.jpg,Java,medium,A,stage1,0.8176470588235294,0.8588235294117647,0.5352941176470588,0.24705882352941178,0.11176470588235295,63.95067219481551,0.20833333333333334
1,2,vehicle_java.jpg,Java,high,B,stage2,0.6865671641791045,0.8208955223880597,0.47761194029850745,0.208955223880597,0.04477611940298507,112.0363056899438,0.16071428571428573
1,2,vehicle_java.jpg,Java,high,B,stage1,0.7727272727272727,0.8484848484848485,0.5909090909090909,0.19696969696969696,0.06060606060606061,83.2588013330902,0.15178571428571427
57,2,rectangle_java2.jpg,Java,medium,A,stage2,0.813953488372093,0.9069767441860465,0.5348837209302325,0.32558139534883723,0.2558139534883721,62.80582485781771,0.10416666666666667
57,2,rectangle_java2.jpg,Java,medium,A,stage1,0.8372093023255814,0.8837209302325582,0.5348837209302325,0.20930232558139536,0.11627906976744186,70.5436489680048,0.11805555555555555
57,5,vehicle_java2.jpg,Java,medium,B,stage2,0.6947368421052632,0.8,0.49473684210526314,0.3157894736842105,0.12631578947368421,103.16074238465664,0.19642857142857142
57,5,vehicle_java2.jpg,Java,medium,B,stage1,0.7978723404255319,0.8723404255319149,0.5531914893617021,0.2553191489361702,0.13829787234042554,60.050564110888594,0.1875
141,2,vehicle_java2.jpg,Java,low,B,stage1,0.9203539823008849,0.9469026548672567,0.672566371681416,0.168141592920354,0.12389380530973451,65.86928498641929,0.24107142857142858
141,2,vehicle_java2.jpg,Java,low,B,stage2,0.8141592920353983,0.8495575221238938,0.6371681415929203,0.20353982300884957,0.061946902654867256,77.36723842932899,0.25892857142857145
68,5,vehicle_java2.jpg,Java,medium,B,stage2,0.8227848101265823,0.8860759493670886,0.6455696202531646,0.22784810126582278,0.12658227848101267,63.107110533162285,0.14285714285714285
68,5,vehicle_java2.jpg,Java,medium,B,stage1,0.8860759493670886,0.9240506329113924,0.6708860759493671,0.16455696202531644,0.10126582278481013,42.06948640019399,0.14285714285714285
68,2,rectangle_java2.jpg,Java,medium,A,stage2,0.8240740740740741,0.8518518518518519,0.6111111111111112,0.2037037037037037,0.06481481481481481,51.660122581029356,0.14583333333333334
68,2,rectangle_java2.jpg,Java,medium,A,stage1,0.8691588785046729,0.9065420560747663,0.6542056074766355,0.17757009345794392,0.09345794392523364,39.03095664754469,0.18055555555555555
50,2,vehicle_java2.jpg,Java,medium,B,stage1,0.7222222222222222,0.7777777777777778,0.5246913580246914,0.2654320987654321,0.04938271604938271,69.32831359514523,0.22321428571428573
50,2,vehicle_java2.jpg,Java,medium,B,stage2,0.6380368098159509,0.7300613496932515,0.3803680981595092,0.3619631901840491,0.09815950920245399,74.691373088468,0.23214285714285715
6,5,vehicle_java.jpg,Java,medium,B,stage1,0.8446601941747572,0.8932038834951457,0.6116504854368932,0.1941747572815534,0.0970873786407767,59.987849513945065,0.16964285714285715
6,5,vehicle_java.jpg,Java,medium,B,stage2,0.8076923076923077,0.8461538461538461,0.5480769230769231,0.25961538461538464,0.11538461538461539,86.24020374686233,0.21428571428571427
6,2,rectangle_java.jpg,Java,medium,A,stage2,0.84375,0.875,0.671875,0.203125,0.09375,73.59935264841654,0.125
6,2,rectangle_java.jpg,Java,medium,A,stage1,0.859375,0.90625,0.671875,0.15625,0.078125,61.844173308903954,0.1527777777777778
179,5,rectangle_java2.jpg,Java,low,A,stage1,0.8548387096774194,0.8830645161290323,0.6048387096774194,0.25,0.13709677419354838,66.86036001750385,0.2777777777777778
179,5,rectangle_java2.jpg,Java,low,A,stage2,0.8594377510040161,0.8955823293172691,0.6465863453815262,0.23293172690763053,0.13253012048192772,58.459656905673725,0.2361111111111111
179,2,vehicle_java2.jpg,Java,low,B,stage1,0.8900523560209425,0.9109947643979057,0.675392670157068,0.20418848167539266,0.12041884816753927,55.25281138346927,0.24107142857142858
179,2,vehicle_java2.jpg,Java,low,B,stage2,0.8072916666666666,0.8697916666666666,0.5572916666666666,0.2760416666666667,0.15104166666666666,68.93038980756863,0.32142857142857145
112,2,rectangle_java2.jpg,Java,medium,A,stage2,0.7657657657657657,0.8468468468468469,0.5045045045045045,0.2972972972972973,0.15315315315315314,58.10843619893761,0.2013888888888889
112,2,rectangle_java2.jpg,Java,medium,A,stage1,0.7567567567567568,0.8198198198198198,0.4864864864864865,0.27927927927927926,0.10810810810810811,67.82147559579813,0.2152777777777778
115,5,vehicle_java2.jpg,Java,medium,B,stage1,0.7692307692307693,0.8531468531468531,0.5314685314685315,0.26573426573426573,0.1258741258741259,68.03531594489691,0.26785714285714285
115,5,vehicle_java2.jpg,Java,medium,B,stage2,0.6597222222222222,0.7569444444444444,0.4583333333333333,0.3055555555555556,0.06944444444444445,97.51233150018847,0.22321428571428573
115,2,rectangle_java2.jpg,Java,medium,A,stage2,0.8611111111111112,0.8888888888888888,0.6666666666666666,0.20833333333333334,0.1111111111111111,62.728627417236964,0.1111111111111111
115,2,rectangle_java2.jpg,Java,medium,A,stage1,0.8055555555555556,0.875,0.5555555555555556,0.3055555555555556,0.19444444444444445,73.94397247464264,0.16666666666666666
123,2,rectangle_java.jpg,Java,high,A,stage1,0.8901098901098901,0.9230769230769231,0.6593406593406593,0.21978021978021978,0.15384615384615385,68.57791896943425,0.13194444444444445
123,2,rectangle_java.jpg,Java,high,A,stage2,0.75,0.8152173913043478,0.5434782608695652,0.2826086956521739,0.10869565217391304,107.64939888075125,0.19444444444444445
35,5,vehicle_java2.jpg,Java,low,B,stage1,0.803030303030303,0.8636363636363636,0.5909090909090909,0.25,0.12121212121212122,63.7261104301858,0.19642857142857142
35,5,vehicle_java2.jpg,Java,low,B,stage2,0.7218045112781954,0.8345864661654135,0.556390977443609,0.2631578947368421,0.10526315789473684,116.5531856900335,0.21428571428571427
35,2,rectangle_java2.jpg,Java,low,A,stage1,0.8823529411764706,0.9176470588235294,0.6352941176470588,0.18823529411764706,0.11764705882352941,58.40830579542789,0.14583333333333334
35,2,rectangle_java2.jpg,Java,low,A,stage2,0.7674418604651163,0.8372093023255814,0.5,0.32558139534883723,0.1744186046511628,96.02430790380743,0.2013888888888889
124,5,rectangle_java2.jpg,Java,medium,A,stage2,0.8073394495412844,0.8440366972477065,0.5229357798165137,0.29357798165137616,0.14678899082568808,67.55215556022797,0.2013888888888889
124,5,rectangle_java2.jpg,Java,medium,A,stage1,0.7706422018348624,0.8073394495412844,0.47706422018348627,0.28440366972477066,0.10091743119266056,64.61825804464355,0.14583333333333334
124,2,vehicle_java2.jpg,Java,medium,B,stage2,0.7412587412587412,0.8041958041958042,0.6013986013986014,0.23776223776223776,0.04895104895104895,96.61342683594623,0.24107142857142858
124,2,vehicle_java2.jpg,Java,medium,B,stage1,0.795774647887324,0.8732394366197183,0.5774647887323944,0.24647887323943662,0.1267605633802817,73.10001082073042,0.24107142857142858
32,5,vehicle_java2.jpg,Java,high,B,stage1,0.8947368421052632,0.9298245614035088,0.6842105263157895,0.17543859649122806,0.11403508771929824,50.432680351356105,0.23214285714285715
32,5,vehicle_java2.jpg,Java,high,B,stage2,0.868421052631579,0.9298245614035088,0.7543859649122807,0.12280701754385964,0.06140350877192982,66.11866723161326,0.16071428571428573
32,2,rectangle_java2.jpg,Java,high,A,stage1,0.9285714285714286,0.9571428571428572,0.7142857142857143,0.15714285714285714,0.12857142857142856,60.79030118299209,0.1527777777777778
32,2,rectangle_java2.jpg,Java,high,A,stage2,0.8714285714285714,0.9,0.6571428571428571,0.2,0.11428571428571428,67.09399388926768,0.14583333333333334
206,5,rectangle_java2.jpg,Java,low,A,stage1,0.7593582887700535,0.8021390374331551,0.5026737967914439,0.3048128342245989,0.11229946524064172,53.680867147909204,0.1597222222222222
206,5,rectangle_java2.jpg,Java,low,A,stage2,0.7340425531914894,0.7872340425531915,0.5212765957446809,0.26595744680851063,0.05851063829787234,67.68989135555502,0.24305555555555555
206,2,vehicle_java2.jpg,Java,low,B,stage2,0.8731343283582089,0.8955223880597015,0.6865671641791045,0.1791044776119403,0.08208955223880597,56.60781136251947,0.14285714285714285
206,2,vehicle_java2.jpg,Java,low,B,stage1,0.7518796992481203,0.7969924812030075,0.46616541353383456,0.2932330827067669,0.09774436090225563,62.76978566069468,0.21428571428571427
201,2,rectangle_java2.jpg,Java,medium,A,stage2,0.8333333333333334,0.8666666666666667,0.55,0.21666666666666667,0.1,65.91773224330669,0.14583333333333334
201,2,rectangle_java2.jpg,Java,medium,A,stage1,0.8166666666666667,0.8666666666666667,0.5666666666666667,0.21666666666666667,0.1,49.172321225852535,0.10416666666666667
201,5,vehicle_java2.jpg,Java,medium,B,stage1,0.8723404255319149,0.9148936170212766,0.7446808510638298,0.0851063829787234,0.02127659574468085,49.32347106029213,0.10714285714285714
201,5,vehicle_java2.jpg,Java,medium,B,stage2,0.851063829787234,0.9148936170212766,0.5957446808510638,0.1702127659574468,0.10638297872340426,59.664057660181214,0.10714285714285714
208,5,rectangle_java2.jpg,Java,low,A,stage2,0.7633587786259542,0.8244274809160306,0.5343511450381679,0.2595419847328244,0.0916030534351145,59.66327121586762,0.2152777777777778
208,5,rectangle_java2.jpg,Java,low,A,stage1,0.8702290076335878,0.9007633587786259,0.6335877862595419,0.2366412213740458,0.1450381679389313,51.50005331258092,0.1388888888888889
200,2,vehicle_java.jpg,Java,low,B,stage1,0.8068181818181818,0.8863636363636364,0.5909090909090909,0.22727272727272727,0.125,81.35034186987106,0.17857142857142858
200,2,vehicle_java.jpg,Java,low,B,stage2,0.7640449438202247,0.8651685393258427,0.5393258426966292,0.24719101123595505,0.12359550561797752,133.12478155654028,0.22321428571428573
200,5,rectangle_java.jpg,Java,low,A,stage2,0.7739130434782608,0.8260869565217391,0.5826086956521739,0.24347826086956523,0.0782608695652174,88.93882942193973,0.11805555555555555
200,5,rectangle_java.jpg,Java,low,A,stage1,0.7217391304347827,0.8,0.46956521739130436,0.3217391304347826,0.13043478260869565,90.8677796381185,0.19444444444444445
207,5,rectangle_java2.jpg,Java,medium,A,stage2,0.7099236641221374,0.7862595419847328,0.5419847328244275,0.2824427480916031,0.07633587786259542,86.13435703164957,0.2152777777777778
207,5,rectangle_java2.jpg,Java,medium,A,stage1,0.8692307692307693,0.8769230769230769,0.6153846153846154,0.2230769230769231,0.1076923076923077,60.37171324627193,0.2152777777777778
207,2,vehicle_java2.jpg,Java,medium,B,stage1,0.8109756097560976,0.8658536585365854,0.6036585365853658,0.21951219512195122,0.09146341463414634,53.56863085826755,0.19642857142857142
207,2,vehicle_java2.jpg,Java,medium,B,stage2,0.8303030303030303,0.8909090909090909,0.6303030303030303,0.24242424242424243,0.1393939393939394,86.86358007675601,0.25
214,5,vehicle_java2.jpg,Java,medium,B,stage2,0.7425373134328358,0.8134328358208955,0.5522388059701493,0.26865671641791045,0.08582089552238806,77.37139190085725,0.30357142857142855
214,5,vehicle_java2.jpg,Java,medium,B,stage1,0.8805970149253731,0.9029850746268657,0.6417910447761194,0.21641791044776118,0.12313432835820895,56.83365840047408,0.33035714285714285
214,2,rectangle_java2.jpg,Java,medium,A,stage2,0.7062937062937062,0.7832167832167832,0.46853146853146854,0.34265734265734266,0.13286713286713286,80.08324960058061,0.20833333333333334
214,2,rectangle_java2.jpg,Java,medium,A,stage1,0.7605633802816901,0.8098591549295775,0.5,0.3028169014084507,0.11971830985915492,77.8098550052111,0.2361111111111111
212,2,rectangle_java2.jpg,Java,medium,A,stage1,0.7160493827160493,0.7777777777777778,0.4444444444444444,0.3333333333333333,0.12345679012345678,57.46855672726578,0.1597222222222222
212,2,rectangle_java2.jpg,Java,medium,A,stage2,0.691358024691358,0.7654320987654321,0.4444444444444444,0.3333333333333333,0.1111111111111111,63.6975377293918,0.14583333333333334
215,5,rectangle_java2.jpg,Java,medium,A,stage2,0.8315789473684211,0.8631578947368421,0.5684210526315789,0.2736842105263158,0.14736842105263157,66.76033145163574,0.2152777777777778
215,2,vehicle_java2.jpg,Java,medium,B,stage2,0.7131782945736435,0.813953488372093,0.5426356589147286,0.2713178294573643,0.09302325581395349,116.91172084979952,0.19642857142857142
215,5,rectangle_java2.jpg,Java,medium,A,stage1,0.8210526315789474,0.8736842105263158,0.5894736842105263,0.23157894736842105,0.11578947368421053,79.7390099814804,0.2013888888888889
215,2,vehicle_java2.jpg,Java,medium,B,stage1,0.7906976744186046,0.8604651162790697,0.627906976744186,0.1937984496124031,0.06201550387596899,70.32431474328978,0.21428571428571427
106,2,vehicle_java2.jpg,Java,medium,B,stage2,0.6530612244897959,0.7448979591836735,0.5,0.30612244897959184,0.061224489795918366,112.30932407837099,0.17857142857142858
106,2,vehicle_java2.jpg,Java,medium,B,stage1,0.7422680412371134,0.845360824742268,0.5567010309278351,0.24742268041237114,0.10309278350515463,75.54955722279709,0.1875
10,5,vehicle_java.jpg,Java,medium,B,stage1,0.8656716417910447,0.8805970149253731,0.5970149253731343,0.19402985074626866,0.08955223880597014,63.59818014377546,0.1875
10,5,vehicle_java.jpg,Java,medium,B,stage2,0.8088235294117647,0.8823529411764706,0.6617647058823529,0.1323529411764706,0.029411764705882353,95.52399771190298,0.125
139,5,vehicle_java2.jpg,Java,low,B,stage1,0.9107142857142857,0.9285714285714286,0.5535714285714286,0.26785714285714285,0.21428571428571427,57.41441336919316,0.16964285714285715
139,5,vehicle_java2.jpg,Java,low,B,stage2,0.875,0.9107142857142857,0.7321428571428571,0.08928571428571429,0.017857142857142856,73.174911854564,0.08035714285714286
101,5,vehicle_java2.jpg,Java,medium,B,stage1,0.847926267281106,0.8986175115207373,0.6543778801843319,0.19815668202764977,0.09907834101382489,67.59295607273187,0.29464285714285715
101,5,vehicle_java2.jpg,Java,medium,B,stage2,0.8709677419354839,0.9032258064516129,0.6705069124423964,0.1935483870967742,0.09907834101382489,64.08850441585409,0.25892857142857145
101,2,rectangle_java2.jpg,Java,medium,A,stage1,0.8354430379746836,0.8734177215189873,0.5443037974683544,0.22784810126582278,0.11392405063291139,74.91498457482413,0.20833333333333334
101,2,rectangle_java2.jpg,Java,medium,A,stage2,0.7468354430379747,0.8481012658227848,0.5189873417721519,0.24050632911392406,0.10126582278481013,109.5939991349346,0.2013888888888889
17,5,vehicle_java2.jpg,Java,medium,B,stage1,0.8531468531468531,0.8951048951048951,0.6433566433566433,0.2097902097902098,0.11188811188811189,65.80053926273636,0.21428571428571427
17,5,vehicle_java2.jpg,Java,medium,B,stage2,0.6736111111111112,0.8125,0.5,0.2569444444444444,0.0763888888888889,100.23385323555843,0.25892857142857145
17,2,rectangle_java2.jpg,Java,medium,A,stage1,0.8807339449541285,0.8990825688073395,0.6238532110091743,0.25688073394495414,0.1651376146788991,59.12622944812027,0.13194444444444445
17,2,rectangle_java2.jpg,Java,medium,A,stage2,0.7272727272727273,0.8090909090909091,0.5,0.2909090909090909,0.10909090909090909,71.01991240199547,0.19444444444444445
28,2,rectangle_java2.jpg,Java,medium,A,stage1,0.8705035971223022,0.9136690647482014,0.6618705035971223,0.22302158273381295,0.14388489208633093,71.92115809309387,0.2222222222222222
28,5,vehicle_java2.jpg,Java,medium,B,stage1,0.9107142857142857,0.9285714285714286,0.7142857142857143,0.16071428571428573,0.10714285714285714,58.489508213468454,0.14285714285714285
28,2,rectangle_java2.jpg,Java,medium,A,stage2,0.7714285714285715,0.8428571428571429,0.5642857142857143,0.29285714285714287,0.14285714285714285,85.51062237631912,0.2152777777777778
28,5,vehicle_java2.jpg,Java,medium,B,stage2,0.8947368421052632,0.9298245614035088,0.6842105263157895,0.21052631578947367,0.15789473684210525,91.4004945548376,0.14285714285714285
21,2,rectangle_java2.jpg,Java,low,A,stage2,0.8238993710691824,0.8553459119496856,0.5345911949685535,0.2830188679245283,0.14465408805031446,73.85753326181961,0.22916666666666666
21,2,rectangle_java2.jpg,Java,low,A,stage1,0.9113924050632911,0.9240506329113924,0.6012658227848101,0.25316455696202533,0.18354430379746836,66.98579393191342,0.25
21,5,vehicle_java2.jpg,Java,low,B,stage1,0.7853107344632768,0.8587570621468926,0.576271186440678,0.23728813559322035,0.1016949152542373,62.70389749408992,0.24107142857142858
21,5,vehicle_java2.jpg,Java,low,B,stage2,0.8305084745762712,0.8700564971751412,0.5819209039548022,0.24858757062146894,0.12429378531073447,67.96386487232583,0.24107142857142858
108,5,rectangle_java2.jpg,Java,high,A,stage1,0.8571428571428571,0.9090909090909091,0.6233766233766234,0.18181818181818182,0.1038961038961039,75.84027180434752,0.1736111111111111
108,5,rectangle_java2.jpg,Java,high,A,stage2,0.6923076923076923,0.782051282051282,0.5512820512820513,0.2692307692307692,0.0641025641025641,63.835758725940245,0.14583333333333334
108,2,vehicle_java2.jpg,Java,high,B,stage2,0.7209302325581395,0.7906976744186046,0.5813953488372093,0.27906976744186046,0.09302325581395349,97.00094864492067,0.13392857142857142
108,2,vehicle_java2.jpg,Java,high,B,stage1,0.7380952380952381,0.8333333333333334,0.5,0.16666666666666666,0.023809523809523808,93.50466053959848,0.16964285714285715
26,2,vehicle_java2.jpg,Java,high,B,stage2,0.7802197802197802,0.8791208791208791,0.4835164835164835,0.3076923076923077,0.1978021978021978,126.23590316522399,0.24107142857142858
26,2,vehicle_java2.jpg,Java,high,B,stage1,0.7444444444444445,0.8444444444444444,0.45555555555555555,0.28888888888888886,0.14444444444444443,69.92688339835425,0.15178571428571427
19,5,vehicle_java.jpg,Java,medium,B,stage1,0.8823529411764706,0.9117647058823529,0.6323529411764706,0.16176470588235295,0.08823529411764706,50.30373029898142,0.15178571428571427
19,5,vehicle_java.jpg,Java,medium,B,stage2,0.7681159420289855,0.8695652173913043,0.6231884057971014,0.13043478260869565,0.014492753623188406,105.69262721939837,0.19642857142857142
72,2,vehicle_java2.jpg,Java,medium,B,stage1,0.754601226993865,0.8343558282208589,0.6012269938650306,0.1901840490797546,0.03067484662576687,57.20686222738103,0.22321428571428573
72,2,vehicle_java2.jpg,Java,medium,B,stage2,0.6951219512195121,0.7804878048780488,0.5,0.29878048780487804,0.08536585365853659,81.18891997860135,0.24107142857142858
164,2,vehicle_java2.jpg,Java,low,B,stage1,0.8034188034188035,0.8376068376068376,0.5384615384615384,0.29914529914529914,0.1452991452991453,56.03519384291787,0.16964285714285715
164,2,vehicle_java2.jpg,Java,low,B,stage2,0.6610169491525424,0.7966101694915254,0.4576271186440678,0.2966101694915254,0.1016949152542373,95.26916527196845,0.25
164,5,rectangle_java2.jpg,Java,low,A,stage1,0.7714285714285715,0.8285714285714286,0.5238095238095238,0.2571428571428571,0.09523809523809523,62.57418341918237,0.11805555555555555
164,5,rectangle_java2.jpg,Java,low,A,stage2,0.660377358490566,0.7641509433962265,0.41509433962264153,0.3584905660377358,0.1320754716981132,102.90670892167044,0.19444444444444445
86,2,rectangle_java2.jpg,Java,medium,A,stage2,0.8129496402877698,0.8812949640287769,0.6258992805755396,0.23381294964028776,0.11870503597122302,70.71033272511579,0.22916666666666666
86,2,rectangle_java2.jpg,Java,medium,A,stage1,0.9061371841155235,0.924187725631769,0.6859205776173285,0.22021660649819494,0.148014440433213,60.864717036386025,0.2708333333333333
86,5,vehicle_java2.jpg,Java,medium,B,stage2,0.8896551724137931,0.9103448275862069,0.6482758620689655,0.2,0.11724137931034483,54.061015715113555,0.21428571428571427
86,5,vehicle_java2.jpg,Java,medium,B,stage1,0.8689655172413793,0.9103448275862069,0.6620689655172414,0.1724137931034483,0.0896551724137931,63.55203552409148,0.23214285714285715
190,2,vehicle_java2.jpg,Java,medium,B,stage1,0.8958333333333334,0.9375,0.6875,0.125,0.08333333333333333,45.905834009448775,0.15178571428571427
190,2,vehicle_java2.jpg,Java,medium,B,stage2,0.8541666666666666,0.9166666666666666,0.7083333333333334,0.10416666666666667,0.041666666666666664,100.05361887573385,0.13392857142857142
81,5,rectangle_java.jpg,Java,medium,A,stage1,0.8412698412698413,0.8888888888888888,0.6190476190476191,0.2222222222222222,0.12698412698412698,80.50518395341275,0.1111111111111111
81,5,rectangle_java.jpg,Java,medium,A,stage2,0.7777777777777778,0.8253968253968254,0.5555555555555556,0.25396825396825395,0.09523809523809523,77.46832499285341,0.14583333333333334
81,2,vehicle_java.jpg,Java,medium,B,stage1,0.8311688311688312,0.8766233766233766,0.6493506493506493,0.21428571428571427,0.09740259740259741,74.4577068718016,0.21428571428571427
81,2,vehicle_java.jpg,Java,medium,B,stage2,0.9161290322580645,0.9548387096774194,0.7096774193548387,0.15483870967741936,0.11612903225806452,89.72547619476258,0.25892857142857145
197,2,vehicle_java.jpg,Java,medium,B,stage1,0.8492063492063492,0.8968253968253969,0.5952380952380952,0.23015873015873015,0.1349206349206349,84.6799428353265,0.17857142857142858
197,2,vehicle_java.jpg,Java,medium,B,stage2,0.7795275590551181,0.8582677165354331,0.5905511811023622,0.2755905511811024,0.14173228346456693,98.00183841457007,0.1875
75,2,vehicle_java.jpg,Java,medium,B,stage1,0.8071428571428572,0.8714285714285714,0.6571428571428571,0.19285714285714287,0.07142857142857142,86.7841823571424,0.16071428571428573
75,2,vehicle_java.jpg,Java,medium,B,stage2,0.7285714285714285,0.8428571428571429,0.5785714285714286,0.2357142857142857,0.08571428571428572,114.11636261958982,0.21428571428571427
75,5,rectangle_java.jpg,Java,medium,A,stage1,0.7676767676767676,0.8484848484848485,0.48484848484848486,0.32323232323232326,0.18181818181818182,101.44664884698287,0.22916666666666666
75,5,rectangle_java.jpg,Java,medium,A,stage2,0.6868686868686869,0.8080808080808081,0.45454545454545453,0.31313131313131315,0.13131313131313133,121.06951312130066,0.19444444444444445
163,2,vehicle_java.jpg,Java,low,B,stage1,0.8444444444444444,0.8777777777777778,0.5444444444444444,0.2777777777777778,0.16666666666666666,81.02814348836998,0.1875
163,2,vehicle_java.jpg,Java,low,B,stage2,0.8021978021978022,0.8681318681318682,0.5824175824175825,0.23076923076923078,0.10989010989010989,98.1317767552935,0.17857142857142858
163,5,rectangle_java.jpg,Java,low,A,stage1,0.8607594936708861,0.8987341772151899,0.6329113924050633,0.22784810126582278,0.13924050632911392,77.6228023979147,0.10416666666666667
163,5,rectangle_java.jpg,Java,low,A,stage2,0.7125,0.7625,0.475,0.3125,0.0875,113.04177185074558,0.1875
88,2,rectangle_java2.jpg,Java,high,A,stage1,0.6923076923076923,0.7692307692307693,0.46153846153846156,0.3076923076923077,0.10256410256410256,92.37881228842213,0.11805555555555555
88,2,rectangle_java2.jpg,Java,high,A,stage2,0.6923076923076923,0.7948717948717948,0.41025641025641024,0.28205128205128205,0.10256410256410256,112.82438051224854,0.11805555555555555
88,5,vehicle_java2.jpg,Java,high,B,stage2,0.631578947368421,0.7719298245614035,0.38596491228070173,0.2982456140350877,0.08771929824561403,128.33779073791237,0.17857142857142858
88,5,vehicle_java2.jpg,Java,high,B,stage1,0.75,0.8035714285714286,0.4642857142857143,0.2857142857142857,0.10714285714285714,61.8360383482439,0.17857142857142858
43,2,vehicle_java2.jpg,Java,low,B,stage1,0.8413793103448276,0.896551724137931,0.6827586206896552,0.13793103448275862,0.041379310344827586,46.46244085015285,0.17857142857142858
43,2,vehicle_java2.jpg,Java,low,B,stage2,0.7034482758620689,0.8068965517241379,0.5379310344827586,0.2413793103448276,0.05517241379310345,82.1735168303923,0.21428571428571427
43,5,rectangle_java2.jpg,Java,low,A,stage2,0.8333333333333334,0.8717948717948718,0.5384615384615384,0.24358974358974358,0.1282051282051282,68.49969462793435,0.18055555555555555
43,5,rectangle_java2.jpg,Java,low,A,stage1,0.6493506493506493,0.7402597402597403,0.42857142857142855,0.3116883116883117,0.06493506493506493,61.24764801388971,0.10416666666666667
155,5,rectangle_java2.jpg,Java,medium,A,stage2,0.6941176470588235,0.788235294117647,0.4588235294117647,0.35294117647058826,0.15294117647058825,91.87431637658526,0.20833333333333334
155,5,rectangle_java2.jpg,Java,medium,A,stage1,0.8588235294117647,0.8705882352941177,0.6235294117647059,0.2,0.08235294117647059,69.59289502625072,0.1736111111111111
155,2,vehicle_java2.jpg,Java,medium,B,stage1,0.7623762376237624,0.8118811881188119,0.5445544554455446,0.24752475247524752,0.06930693069306931,63.433911534752276,0.20535714285714285
155,2,vehicle_java2.jpg,Java,medium,B,stage2,0.7128712871287128,0.8217821782178217,0.46534653465346537,0.27722772277227725,0.10891089108910891,110.28246507930717,0.22321428571428573
44,2,vehicle_java2.jpg,Java,medium,B,stage1,0.8356164383561644,0.8698630136986302,0.589041095890411,0.2191780821917808,0.0958904109589041,49.41559887970842,0.17857142857142858
44,2,vehicle_java2.jpg,Java,medium,B,stage2,0.7074829931972789,0.8231292517006803,0.5306122448979592,0.22448979591836735,0.05442176870748299,90.7306209921665,0.2767857142857143
44,5,rectangle_java2.jpg,Java,medium,A,stage2,0.8125,0.8375,0.625,0.2,0.05,57.21426759325628,0.10416666666666667
44,5,rectangle_java2.jpg,Java,medium,A,stage1,0.810126582278481,0.8481012658227848,0.6455696202531646,0.17721518987341772,0.0379746835443038,62.74219898779774,0.1527777777777778
27,2,vehicle_java.jpg,Java,low,B,stage1,0.8571428571428571,0.8857142857142857,0.6,0.11428571428571428,0.02857142857142857,65.78565429149064,0.10714285714285714
27,2,vehicle_java.jpg,Java,low,B,stage2,0.8611111111111112,0.9166666666666666,0.75,0.1388888888888889,0.08333333333333333,84.01984808674284,0.0625
27,5,rectangle_java.jpg,Java,low,A,stage2,0.8181818181818182,0.8545454545454545,0.6363636363636364,0.2,0.07272727272727272,83.80892172634009,0.125
27,5,rectangle_java.jpg,Java,low,A,stage1,0.8518518518518519,0.9074074074074074,0.5925925925925926,0.18518518518518517,0.1111111111111111,74.20628454086969,0.11805555555555555
18,2,vehicle_java.jpg,Java,medium,B,stage1,0.847682119205298,0.8807947019867549,0.6423841059602649,0.2251655629139073,0.11258278145695365,65.51589020264657,0.17857142857142858
18,2,vehicle_java.jpg,Java,medium,B,stage2,0.6423841059602649,0.7549668874172185,0.40397350993377484,0.33774834437086093,0.09933774834437085,117.19480301448125,0.22321428571428573
20,5,vehicle_java2.jpg,Java,medium,B,stage2,0.7419354838709677,0.8387096774193549,0.5241935483870968,0.2903225806451613,0.13709677419354838,97.95041223901974,0.24107142857142858
20,2,rectangle_java2.jpg,Java,medium,A,stage1,0.84,0.89,0.61,0.25,0.15,57.832541498421996,0.13194444444444445
20,5,vehicle_java2.jpg,Java,medium,B,stage1,0.8467741935483871,0.8870967741935484,0.5887096774193549,0.21774193548387097,0.11290322580645161,62.16855554573637,0.19642857142857142
20,2,rectangle_java2.jpg,Java,medium,A,stage2,0.8217821782178217,0.8712871287128713,0.5841584158415841,0.25742574257425743,0.13861386138613863,62.07271251479018,0.1875
109,5,rectangle_python.jpg,Python,medium,A,stage1,0.8461538461538461,0.8846153846153846,0.6346153846153846,0.23076923076923078,0.1346153846153846,72.55735399758623,0.1595744680851064
109,2,vehicle_python.jpg,Python,medium,B,stage1,0.8125,0.875,0.6041666666666666,0.16666666666666666,0.0625,63.869203013292115,0.18571428571428572
109,5,rectangle_python.jpg,Python,medium,A,stage2,0.8113207547169812,0.8490566037735849,0.5471698113207547,0.2830188679245283,0.1509433962264151,87.71408565960611,0.18085106382978725
109,2,vehicle_python.jpg,Python,medium,B,stage2,0.5918367346938775,0.7755102040816326,0.4489795918367347,0.2653061224489796,0.061224489795918366,154.4159502596298,0.18571428571428572
16,5,vehicle_java2.jpg,Java,high,B,stage2,0.7905759162303665,0.8429319371727748,0.5863874345549738,0.24607329842931938,0.09424083769633508,79.80527475059567,0.25
16,5,vehicle_java2.jpg,Java,high,B,stage1,0.8481675392670157,0.8691099476439791,0.6178010471204188,0.23036649214659685,0.10471204188481675,42.79722969347062,0.16964285714285715
16,2,rectangle_java2.jpg,Java,high,A,stage2,0.6574074074074074,0.7777777777777778,0.4351851851851852,0.3611111111111111,0.14814814814814814,84.59229080413516,0.1875
16,2,rectangle_java2.jpg,Java,high,A,stage1,0.8411214953271028,0.8878504672897196,0.5607476635514018,0.2803738317757009,0.17757009345794392,62.67423524555469,0.1736111111111111
29,2,vehicle_java2.jpg,Java,low,B,stage1,0.6703296703296703,0.7582417582417582,0.42857142857142855,0.3076923076923077,0.07692307692307693,76.98494715446812,0.19642857142857142
29,2,vehicle_java2.jpg,Java,low,B,stage2,0.6195652173913043,0.7282608695652174,0.41304347826086957,0.358695652173913,0.09782608695652174,87.23724545403613,0.23214285714285715
29,5,rectangle_java2.jpg,Java,low,A,stage1,0.7023809523809523,0.7857142857142857,0.40476190476190477,0.32142857142857145,0.11904761904761904,73.17138063008738,0.16666666666666666
29,5,rectangle_java2.jpg,Java,low,A,stage2,0.7176470588235294,0.7529411764705882,0.38823529411764707,0.3764705882352941,0.1411764705882353,69.8543996362229,0.1736111111111111
107,2,rectangle_java.jpg,Java,medium,A,stage2,0.7980769230769231,0.875,0.5673076923076923,0.22115384615384615,0.10576923076923077,86.07531777706657,0.19444444444444445
107,2,rectangle_java.jpg,Java,medium,A,stage1,0.8557692307692307,0.8846153846153846,0.5865384615384616,0.22115384615384615,0.11538461538461539,84.96636663721777,0.19444444444444445
138,2,rectangle_java2.jpg,Java,medium,A,stage2,0.8765432098765432,0.9012345679012346,0.6666666666666666,0.19753086419753085,0.1111111111111111,75.60165002043796,0.18055555555555555
138,2,rectangle_java2.jpg,Java,medium,A,stage1,0.825,0.8875,0.6375,0.1875,0.0875,68.90534362533498,0.11805555555555555
89,5,rectangle_java2.jpg,Java,medium,A,stage1,0.8839285714285714,0.9017857142857143,0.5803571428571429,0.26785714285714285,0.17857142857142858,63.952279274932344,0.19444444444444445
89,5,rectangle_java2.jpg,Java,medium,A,stage2,0.8482142857142857,0.875,0.6428571428571429,0.21428571428571427,0.09821428571428571,71.86354318228766,0.16666666666666666
89,2,vehicle_java2.jpg,Java,medium,B,stage2,0.8516746411483254,0.9043062200956937,0.6650717703349283,0.215311004784689,0.12440191387559808,74.64824209747533,0.24107142857142858
89,2,vehicle_java2.jpg,Java,medium,B,stage1,0.8803827751196173,0.9234449760765551,0.7416267942583732,0.14354066985645933,0.07177033492822966,67.58301605104448,0.33035714285714285
154,5,rectangle_java2.jpg,Java,low,A,stage1,0.8522727272727273,0.8693181818181818,0.6193181818181818,0.22727272727272727,0.10227272727272728,44.769740177721594,0.1736111111111111
154,2,vehicle_java2.jpg,Java,low,B,stage2,0.7116279069767442,0.7813953488372093,0.4883720930232558,0.27906976744186046,0.06511627906976744,69.7424881966988,0.25892857142857145
154,5,rectangle_java2.jpg,Java,low,A,stage2,0.8068181818181818,0.8579545454545454,0.6420454545454546,0.2556818181818182,0.11931818181818182,70.89119627982215,0.20833333333333334
154,2,vehicle_java2.jpg,Java,low,B,stage1,0.7906976744186046,0.8418604651162791,0.5720930232558139,0.22325581395348837,0.06976744186046512,76.00207058264384,0.29464285714285715
42,5,rectangle_java2.jpg,Java,high,A,stage1,0.6521739130434783,0.782608695652174,0.4782608695652174,0.21739130434782608,0.043478260869565216,80.43427004586155,0.09722222222222222
42,5,rectangle_java2.jpg,Java,high,A,stage2,0.7916666666666666,0.8333333333333334,0.5833333333333334,0.16666666666666666,0.041666666666666664,75.85345442897942,0.0763888888888889
42,2,vehicle_java2.jpg,Java,high,B,stage2,0.625,0.7678571428571429,0.42857142857142855,0.26785714285714285,0.05357142857142857,123.09638485797795,0.125
42,2,vehicle_java2.jpg,Java,high,B,stage1,0.7678571428571429,0.875,0.625,0.10714285714285714,0.0,86.96875167471494,0.20535714285714285
162,2,rectangle_java.jpg,Java,low,A,stage1,0.7954545454545454,0.8636363636363636,0.6060606060606061,0.17424242424242425,0.045454545454545456,77.0581855316161,0.18055555555555555
162,2,rectangle_java.jpg,Java,low,A,stage2,0.6818181818181818,0.8181818181818182,0.4772727272727273,0.3106060606060606,0.13636363636363635,114.91537542340875,0.1875
74,2,rectangle_java2.jpg,Java,high,A,stage1,0.86,0.9,0.56,0.26,0.18,69.79972205875708,0.10416666666666667
74,2,rectangle_java2.jpg,Java,high,A,stage2,0.78,0.86,0.52,0.2,0.08,92.78047171913265,0.13194444444444445
74,5,vehicle_java2.jpg,Java,high,B,stage1,0.875,0.9166666666666666,0.6458333333333334,0.14583333333333334,0.08333333333333333,57.4317113510987,0.15178571428571427
74,5,vehicle_java2.jpg,Java,high,B,stage2,0.7142857142857143,0.8571428571428571,0.5918367346938775,0.20408163265306123,0.08163265306122448,97.04559126500168,0.11607142857142858
196,2,vehicle_java2.jpg,Java,low,B,stage2,0.6632653061224489,0.7857142857142857,0.5102040816326531,0.2857142857142857,0.08163265306122448,83.26316159521782,0.23214285714285715
196,2,vehicle_java2.jpg,Java,low,B,stage1,0.7448979591836735,0.8061224489795918,0.5102040816326531,0.25510204081632654,0.07142857142857142,67.49276478935028,0.16964285714285715
196,5,rectangle_java2.jpg,Java,low,A,stage2,0.7368421052631579,0.7894736842105263,0.47368421052631576,0.32894736842105265,0.125,87.91508178301693,0.2013888888888889
196,5,rectangle_java2.jpg,Java,low,A,stage1,0.8013245033112583,0.8344370860927153,0.4966887417218543,0.2913907284768212,0.13245033112582782,92.70685588516984,0.25
80,5,rectangle_java.jpg,Java,high,A,stage2,0.6595744680851063,0.7446808510638298,0.2765957446808511,0.40425531914893614,0.1702127659574468,166.51608849898022,0.1388888888888889
80,5,rectangle_java.jpg,Java,high,A,stage1,0.45652173913043476,0.6086956521739131,0.1956521739130435,0.45652173913043476,0.08695652173913043,128.0099773481126,0.125
80,2,vehicle_java.jpg,Java,high,B,stage2,0.5,0.6666666666666666,0.3333333333333333,0.3333333333333333,0.023809523809523808,179.863794846703,0.125
80,2,vehicle_java.jpg,Java,high,B,stage1,0.5853658536585366,0.7560975609756098,0.34146341463414637,0.3170731707317073,0.0975609756097561,140.23681358853509,0.16964285714285715
191,2,vehicle_java2.jpg,Java,medium,B,stage2,0.7661290322580645,0.8467741935483871,0.5483870967741935,0.2661290322580645,0.12096774193548387,87.90149195410356,0.21428571428571427
191,2,vehicle_java2.jpg,Java,medium,B,stage1,0.8536585365853658,0.8943089430894309,0.5853658536585366,0.21951219512195122,0.12195121951219512,73.14082921457039,0.24107142857142858
87,2,rectangle_java2.jpg,Java,high,A,stage1,0.7627118644067796,0.8220338983050848,0.4661016949152542,0.3220338983050847,0.15254237288135594,83.86313505838535,0.2013888888888889
87,2,rectangle_java2.jpg,Java,high,A,stage2,0.865546218487395,0.8907563025210085,0.6470588235294118,0.23529411764705882,0.13445378151260504,69.24279105703809,0.1736111111111111
87,5,vehicle_java2.jpg,Java,high,B,stage1,0.8650793650793651,0.8888888888888888,0.6349206349206349,0.25396825396825395,0.15079365079365079,57.12520954675548,0.14285714285714285
87,5,vehicle_java2.jpg,Java,high,B,stage2,0.9285714285714286,0.9682539682539683,0.7063492063492064,0.1984126984126984,0.1746031746031746,59.2930449664209,0.21428571428571427
73,5,rectangle_java2.jpg,Java,medium,A,stage2,0.7555555555555555,0.8148148148148148,0.5037037037037037,0.3037037037037037,0.1259259259259259,98.8933969670561,0.2222222222222222
73,5,rectangle_java2.jpg,Java,medium,A,stage1,0.8296296296296296,0.8666666666666667,0.5481481481481482,0.28888888888888886,0.16296296296296298,74.80528750761948,0.1736111111111111
73,2,vehicle_java2.jpg,Java,medium,B,stage2,0.7159763313609467,0.8165680473372781,0.5621301775147929,0.26627218934911245,0.08875739644970414,70.93799222516346,0.16964285714285715
73,2,vehicle_java2.jpg,Java,medium,B,stage1,0.7678571428571429,0.8392857142857143,0.6190476190476191,0.23214285714285715,0.07738095238095238,67.13449462855559,0.20535714285714285
37,5,vehicle_java2.jpg,Java,low,B,stage2,0.7286821705426356,0.8062015503875969,0.4806201550387597,0.31007751937984496,0.12403100775193798,67.9519280818483,0.24107142857142858
37,5,vehicle_java2.jpg,Java,low,B,stage1,0.8604651162790697,0.8837209302325582,0.6201550387596899,0.20930232558139536,0.10077519379844961,56.678567749229465,0.17857142857142858
37,2,rectangle_java2.jpg,Java,low,A,stage2,0.7614678899082569,0.8348623853211009,0.5504587155963303,0.26605504587155965,0.11009174311926606,66.5047518426351,0.20833333333333334
37,2,rectangle_java2.jpg,Java,low,A,stage1,0.8165137614678899,0.8440366972477065,0.5596330275229358,0.22935779816513763,0.08256880733944955,45.77283935553004,0.16666666666666666
121,5,rectangle_java2.jpg,Java,medium,A,stage1,0.7272727272727273,0.7840909090909091,0.4659090909090909,0.29545454545454547,0.09090909090909091,49.82944544132659,0.20833333333333334
121,5,rectangle_java2.jpg,Java,medium,A,stage2,0.7640449438202247,0.8089887640449438,0.6292134831460674,0.2247191011235955,0.0449438202247191,55.675319435585195,0.1527777777777778
30,2,vehicle_java2.jpg,Java,none,B,stage1,0.7761194029850746,0.8059701492537313,0.5223880597014925,0.208955223880597,0.029850746268656716,55.28046557931214,0.14285714285714285
30,2,vehicle_java2.jpg,Java,none,B,stage2,0.7647058823529411,0.8529411764705882,0.5882352941176471,0.19117647058823528,0.058823529411764705,83.28399012722547,0.15178571428571427
30,5,rectangle_java2.jpg,Java,none,A,stage1,0.863013698630137,0.8767123287671232,0.6164383561643836,0.2191780821917808,0.1095890410958904,72.73676389222054,0.125
30,5,rectangle_java2.jpg,Java,none,A,stage2,0.7671232876712328,0.821917808219178,0.4931506849315068,0.273972602739726,0.1095890410958904,83.51353317612272,0.1388888888888889
126,2,vehicle_java2.jpg,Java,high,B,stage1,0.8301886792452831,0.8742138364779874,0.6226415094339622,0.22641509433962265,0.1069182389937107,63.25934923087494,0.2857142857142857
126,2,vehicle_java2.jpg,Java,high,B,stage2,0.675,0.75625,0.4375,0.30625,0.06875,109.53643158621044,0.30357142857142855
126,5,rectangle_java2.jpg,Java,high,A,stage1,0.8389261744966443,0.87248322147651,0.5973154362416108,0.22818791946308725,0.10738255033557047,55.31972385179789,0.25
126,5,rectangle_java2.jpg,Java,high,A,stage2,0.7986577181208053,0.825503355704698,0.4563758389261745,0.2953020134228188,0.12751677852348994,61.507586148192715,0.2569444444444444
110,2,rectangle_java2.jpg,Java,medium,A,stage1,0.8611111111111112,0.8888888888888888,0.6527777777777778,0.19444444444444445,0.09722222222222222,50.135741280183545,0.13194444444444445
110,2,rectangle_java2.jpg,Java,medium,A,stage2,0.863013698630137,0.8904109589041096,0.684931506849315,0.1780821917808219,0.0821917808219178,68.86060234422911,0.1597222222222222
110,5,vehicle_java2.jpg,Java,medium,B,stage2,0.8709677419354839,0.9193548387096774,0.6451612903225806,0.1774193548387097,0.11290322580645161,73.20432868742435,0.1875
110,5,vehicle_java2.jpg,Java,medium,B,stage1,0.9016393442622951,0.9180327868852459,0.6721311475409836,0.14754098360655737,0.08196721311475409,48.42346532650037,0.15178571428571427
128,5,vehicle_java2.jpg,Java,medium,B,stage2,0.7651821862348178,0.8582995951417004,0.5425101214574899,0.2550607287449393,0.11740890688259109,78.7393070819783,0.26785714285714285
128,5,vehicle_java2.jpg,Java,medium,B,stage1,0.8861788617886179,0.9105691056910569,0.6788617886178862,0.2073170731707317,0.12195121951219512,51.88621625386574,0.24107142857142858
128,2,rectangle_java2.jpg,Java,medium,A,stage1,0.9008264462809917,0.9173553719008265,0.6694214876033058,0.18181818181818182,0.10743801652892562,54.12261286646304,0.1736111111111111
128,2,rectangle_java2.jpg,Java,medium,A,stage2,0.7213114754098361,0.7950819672131147,0.48360655737704916,0.27049180327868855,0.07377049180327869,87.58409023841229,0.24305555555555555
117,5,rectangle_java2.jpg,Java,medium,A,stage2,0.7114093959731543,0.8053691275167785,0.46308724832214765,0.3691275167785235,0.18120805369127516,77.9494853916222,0.22916666666666666
117,2,vehicle_java2.jpg,Java,medium,B,stage1,0.859504132231405,0.9008264462809917,0.6446280991735537,0.21487603305785125,0.12396694214876033,59.87650495109018,0.19642857142857142
117,5,rectangle_java2.jpg,Java,medium,A,stage1,0.8040540540540541,0.8581081081081081,0.5405405405405406,0.28378378378378377,0.14864864864864866,63.30443334594315,0.2152777777777778
117,2,vehicle_java2.jpg,Java,medium,B,stage2,0.7868852459016393,0.8688524590163934,0.5983606557377049,0.21311475409836064,0.09016393442622951,107.32756811162949,0.23214285714285715
3,5,rectangle_java2.jpg,Java,none,A,stage2,0.8656716417910447,0.8656716417910447,0.5970149253731343,0.19402985074626866,0.07462686567164178,55.29876933322371,0.14583333333333334
3,5,rectangle_java2.jpg,Java,none,A,stage1,0.8208955223880597,0.8507462686567164,0.5522388059701493,0.26865671641791045,0.13432835820895522,59.86159666254957,0.11805555555555555
3,2,vehicle_java2.jpg,Java,none,B,stage1,0.8571428571428571,0.8791208791208791,0.6923076923076923,0.15384615384615385,0.04395604395604396,42.862492151454795,0.11607142857142858
3,2,vehicle_java2.jpg,Java,none,B,stage2,0.8351648351648352,0.8901098901098901,0.6153846153846154,0.1978021978021978,0.0989010989010989,70.78936504928181,0.24107142857142858
143,2,vehicle_java2.jpg,Java,high,B,stage2,0.7575757575757576,0.8181818181818182,0.6060606060606061,0.21212121212121213,0.045454545454545456,109.8643102338179,0.16071428571428573
143,2,vehicle_java2.jpg,Java,high,B,stage1,0.7272727272727273,0.8333333333333334,0.5303030303030303,0.25757575757575757,0.10606060606060606,88.44060536016923,0.17857142857142858
143,5,rectangle_java2.jpg,Java,high,A,stage2,0.5957446808510638,0.723404255319149,0.3617021276595745,0.3404255319148936,0.0851063829787234,92.78006377552929,0.18055555555555555
143,5,rectangle_java2.jpg,Java,high,A,stage1,0.723404255319149,0.8297872340425532,0.46808510638297873,0.2978723404255319,0.14893617021276595,92.74151731271729,0.13194444444444445
55,5,vehicle_java2.jpg,Java,medium,B,stage1,0.8074866310160428,0.8663101604278075,0.6096256684491979,0.23529411764705882,0.10695187165775401,63.89459957256072,0.24107142857142858
55,5,vehicle_java2.jpg,Java,medium,B,stage2,0.8342245989304813,0.8823529411764706,0.6417112299465241,0.22994652406417113,0.11764705882352941,54.44739557187866,0.11607142857142858
55,2,rectangle_java2.jpg,Java,medium,A,stage1,0.9226804123711341,0.9381443298969072,0.5979381443298969,0.29381443298969073,0.23711340206185566,51.81160489821215,0.14583333333333334
55,2,rectangle_java2.jpg,Java,medium,A,stage2,0.8102564102564103,0.8666666666666667,0.5897435897435898,0.27692307692307694,0.14871794871794872,67.87021885637577,0.25
4,2,rectangle_java2.jpg,Java,medium,A,stage1,0.7843137254901961,0.8333333333333334,0.5,0.30392156862745096,0.14705882352941177,63.59035554093781,0.1388888888888889
4,2,rectangle_java2.jpg,Java,medium,A,stage2,0.7843137254901961,0.8235294117647058,0.5294117647058824,0.29411764705882354,0.12745098039215685,82.15858681981626,0.22916666666666666
4,5,vehicle_java2.jpg,Java,medium,B,stage2,0.7833333333333333,0.8416666666666667,0.575,0.225,0.075,74.23597533820752,0.16071428571428573
4,5,vehicle_java2.jpg,Java,medium,B,stage1,0.8333333333333334,0.85,0.55,0.26666666666666666,0.125,47.166570423329475,0.1875
99,2,rectangle_java2.jpg,Java,high,A,stage1,0.8604651162790697,0.8837209302325582,0.5930232558139535,0.22093023255813954,0.11627906976744186,64.16587510361735,0.1597222222222222
99,2,rectangle_java2.jpg,Java,high,A,stage2,0.7126436781609196,0.7701149425287356,0.5057471264367817,0.27586206896551724,0.05747126436781609,76.86046790331324,0.1875
99,5,vehicle_java2.jpg,Java,high,B,stage1,0.8445945945945946,0.8918918918918919,0.6013513513513513,0.20270270270270271,0.10135135135135136,50.22663003502228,0.23214285714285715
99,5,vehicle_java2.jpg,Java,high,B,stage2,0.8243243243243243,0.8851351351351351,0.5878378378378378,0.23648648648648649,0.12837837837837837,62.50001864808333,0.1875
186,2,rectangle_java2.jpg,Java,medium,A,stage2,0.7652173913043478,0.8521739130434782,0.5565217391304348,0.25217391304347825,0.11304347826086956,77.35580877255683,0.1875
186,2,rectangle_java2.jpg,Java,medium,A,stage1,0.8859649122807017,0.9035087719298246,0.6578947368421053,0.19298245614035087,0.10526315789473684,44.896019778968245,0.1875
172,2,vehicle_java2.jpg,Java,low,B,stage2,0.7816091954022989,0.8620689655172413,0.5287356321839081,0.27586206896551724,0.14942528735632185,67.3383185756787,0.22321428571428573
172,2,vehicle_java2.jpg,Java,low,B,stage1,0.9310344827586207,0.9655172413793104,0.7011494252873564,0.11494252873563218,0.09195402298850575,64.75171186672465,0.24107142857142858
64,5,rectangle_java2.jpg,Java,medium,A,stage1,0.7010869565217391,0.7771739130434783,0.4673913043478261,0.32608695652173914,0.10869565217391304,76.15993555627487,0.2569444444444444
64,5,rectangle_java2.jpg,Java,medium,A,stage2,0.8108108108108109,0.8540540540540541,0.5243243243243243,0.25405405405405407,0.11351351351351352,76.64006642835682,0.25
64,2,vehicle_java2.jpg,Java,medium,B,stage2,0.7567567567567568,0.8412162162162162,0.5337837837837838,0.23310810810810811,0.0777027027027027,85.13339686465761,0.35714285714285715
64,2,vehicle_java2.jpg,Java,medium,B,stage1,0.75,0.8445945945945946,0.597972972972973,0.22972972972972974,0.0777027027027027,84.98082021405583,0.2857142857142857
175,2,rectangle_python.jpg,Python,medium,A,stage2,0.6666666666666666,0.7592592592592593,0.5,0.24074074074074073,0.018518518518518517,79.16396011222358,0.13829787234042554
175,2,rectangle_python.jpg,Python,medium,A,stage1,0.7222222222222222,0.7962962962962963,0.5,0.2962962962962963,0.1111111111111111,66.11828897054173,0.18085106382978725
63,5,rectangle_java.jpg,Java,medium,A,stage1,0.7714285714285715,0.8285714285714286,0.5142857142857142,0.2571428571428571,0.09285714285714286,80.25379294030814,0.22916666666666666
63,5,rectangle_java.jpg,Java,medium,A,stage2,0.8085106382978723,0.851063829787234,0.574468085106383,0.2624113475177305,0.12056737588652482,93.82462993540733,0.20833333333333334
63,2,vehicle_java.jpg,Java,medium,B,stage2,0.7846153846153846,0.8538461538461538,0.5692307692307692,0.26153846153846155,0.12307692307692308,108.95459853635444,0.22321428571428573
63,2,vehicle_java.jpg,Java,medium,B,stage1,0.8307692307692308,0.8615384615384616,0.5923076923076923,0.23076923076923078,0.1,72.15687992585552,0.1875
181,5,vehicle_java2.jpg,Java,none,B,stage1,0.8450704225352113,0.8732394366197183,0.5774647887323944,0.18309859154929578,0.07042253521126761,49.48115306826972,0.14285714285714285
181,5,vehicle_java2.jpg,Java,none,B,stage2,0.9014084507042254,0.9436619718309859,0.7183098591549296,0.16901408450704225,0.1267605633802817,48.443533594877465,0.14285714285714285
181,2,rectangle_java2.jpg,Java,none,A,stage2,0.9148936170212766,0.9148936170212766,0.7872340425531915,0.0851063829787234,0.02127659574468085,77.43254343154274,0.11805555555555555
181,2,rectangle_java2.jpg,Java,none,A,stage1,0.8936170212765957,0.9148936170212766,0.6382978723404256,0.14893617021276595,0.0851063829787234,52.75755898974721,0.1388888888888889
97,2,vehicle_java2.jpg,Java,medium,B,stage2,0.8642857142857143,0.9214285714285714,0.65,0.2,0.12857142857142856,74.63724851952423,0.24107142857142858
97,2,vehicle_java2.jpg,Java,medium,B,stage1,0.8928571428571429,0.9142857142857143,0.7,0.15,0.07142857142857142,52.63365690346481,0.21428571428571427
97,5,rectangle_java2.jpg,Java,medium,A,stage1,0.8434782608695652,0.8608695652173913,0.5565217391304348,0.24347826086956523,0.11304347826086956,72.94522104601091,0.16666666666666666
97,5,rectangle_java2.jpg,Java,medium,A,stage2,0.808695652173913,0.8434782608695652,0.5391304347826087,0.23478260869565218,0.08695652173913043,93.65769396300401,0.20833333333333334
116,2,vehicle_java2.jpg,Java,low,B,stage2,0.9351851851851852,0.9629629629629629,0.7685185185185185,0.12962962962962962,0.10185185185185185,75.03856440411163,0.19642857142857142
116,2,vehicle_java2.jpg,Java,low,B,stage1,0.9166666666666666,0.9351851851851852,0.6944444444444444,0.17592592592592593,0.12037037037037036,49.372478597098365,0.20535714285714285
38,2,rectangle_java2.jpg,Java,none,A,stage2,0.7889908256880734,0.8532110091743119,0.5963302752293578,0.2018348623853211,0.06422018348623854,63.0903674610645,0.19444444444444445
38,2,rectangle_java2.jpg,Java,none,A,stage1,0.7685185185185185,0.8148148148148148,0.5092592592592593,0.28703703703703703,0.1111111111111111,66.50362106361443,0.1597222222222222
118,5,vehicle_java.jpg,Java,high,B,stage1,0.8771929824561403,0.9122807017543859,0.543859649122807,0.2807017543859649,0.21052631578947367,83.31870450947932,0.15178571428571427
118,5,vehicle_java.jpg,Java,high,B,stage2,0.6666666666666666,0.8070175438596491,0.45614035087719296,0.2807017543859649,0.10526315789473684,150.78516075302338,0.16071428571428573
31,2,rectangle_java2.jpg,Java,medium,A,stage1,0.8776978417266187,0.9064748201438849,0.6330935251798561,0.2014388489208633,0.11510791366906475,47.49163858457097,0.20833333333333334
31,2,rectangle_java2.jpg,Java,medium,A,stage2,0.75,0.8357142857142857,0.5571428571428572,0.29285714285714287,0.1357142857142857,87.03256872848668,0.19444444444444445
31,5,vehicle_java2.jpg,Java,medium,B,stage1,0.8409090909090909,0.8863636363636364,0.6439393939393939,0.18181818181818182,0.07575757575757576,43.34266347484852,0.1875
31,5,vehicle_java2.jpg,Java,medium,B,stage2,0.8409090909090909,0.8939393939393939,0.6742424242424242,0.1893939393939394,0.09090909090909091,69.36437059918109,0.1875
120,2,rectangle_java.jpg,Java,medium,A,stage1,0.8596491228070176,0.8947368421052632,0.5964912280701754,0.23684210526315788,0.14035087719298245,71.79958791850012,0.1736111111111111
120,2,rectangle_java.jpg,Java,medium,A,stage2,0.808695652173913,0.8521739130434782,0.6173913043478261,0.23478260869565218,0.09565217391304348,95.15466666234694,0.19444444444444445
36,2,rectangle_java.jpg,Java,none,A,stage1,0.8260869565217391,0.8695652173913043,0.5869565217391305,0.2826086956521739,0.17391304347826086,65.4731815599243,0.0763888888888889
36,2,rectangle_java.jpg,Java,none,A,stage2,0.8478260869565217,0.8913043478260869,0.5434782608695652,0.2608695652173913,0.17391304347826086,97.53729443711195,0.14583333333333334
36,5,vehicle_java.jpg,Java,none,B,stage1,0.8333333333333334,0.85,0.5666666666666667,0.18333333333333332,0.05,51.809518785393315,0.11607142857142858
36,5,vehicle_java.jpg,Java,none,B,stage2,0.7540983606557377,0.8688524590163934,0.5081967213114754,0.26229508196721313,0.14754098360655737,107.25129637311517,0.1875
96,5,rectangle_java2.jpg,Java,low,A,stage2,0.7142857142857143,0.7946428571428571,0.5446428571428571,0.2857142857142857,0.08928571428571429,98.78248978370578,0.2152777777777778
96,5,rectangle_java2.jpg,Java,low,A,stage1,0.7657657657657657,0.8648648648648649,0.5405405405405406,0.25225225225225223,0.12612612612612611,73.27794863796281,0.1388888888888889
96,2,vehicle_java2.jpg,Java,low,B,stage1,0.9024390243902439,0.926829268292683,0.6829268292682927,0.17073170731707318,0.10569105691056911,47.26670367269916,0.16071428571428573
96,2,vehicle_java2.jpg,Java,low,B,stage2,0.8211382113821138,0.8943089430894309,0.6585365853658537,0.18699186991869918,0.08943089430894309,78.85957526643168,0.23214285714285715
180,2,vehicle_java2.jpg,Java,low,B,stage1,0.8354430379746836,0.8734177215189873,0.5063291139240507,0.24050632911392406,0.12658227848101267,63.183823548472226,0.19642857142857142
180,2,vehicle_java2.jpg,Java,low,B,stage2,0.6708860759493671,0.7974683544303798,0.5189873417721519,0.26582278481012656,0.0759493670886076,102.06447168731364,0.20535714285714285
180,5,rectangle_java2.jpg,Java,low,A,stage2,0.717948717948718,0.8205128205128205,0.5128205128205128,0.2692307692307692,0.10256410256410256,94.4065061837553,0.1875
180,5,rectangle_java2.jpg,Java,low,A,stage1,0.9102564102564102,0.9358974358974359,0.6282051282051282,0.19230769230769232,0.14102564102564102,49.852205348993515,0.125
62,2,rectangle_java.jpg,Java,medium,A,stage1,0.8970588235294118,0.9264705882352942,0.6617647058823529,0.14705882352941177,0.08823529411764706,59.89041999070166,0.1527777777777778
62,2,rectangle_java.jpg,Java,medium,A,stage2,0.855072463768116,0.8985507246376812,0.6376811594202898,0.17391304347826086,0.08695652173913043,95.5493190557307,0.1388888888888889
62,5,vehicle_java.jpg,Java,medium,B,stage2,0.76,0.9,0.64,0.12,0.04,81.89460308603603,0.09821428571428571
62,5,vehicle_java.jpg,Java,medium,B,stage1,0.84,0.9,0.58,0.1,0.02,63.414982183024584,0.125
65,5,vehicle_java.jpg,Java,low,B,stage2,0.72,0.88,0.56,0.16,0.06,121.30521832355564,0.17857142857142858
65,2,rectangle_java.jpg,Java,low,A,stage1,0.6,0.68,0.28,0.4,0.12,118.3991030860501,0.0625
65,5,vehicle_java.jpg,Java,low,B,stage1,0.673469387755102,0.7346938775510204,0.30612244897959184,0.3469387755102041,0.10204081632653061,73.9762217621586,0.13392857142857142
65,2,rectangle_java.jpg,Java,low,A,stage2,0.68,0.88,0.4,0.16,0.08,174.66716312466156,0.08333333333333333
91,5,rectangle_java2.jpg,Java,medium,A,stage2,0.8873239436619719,0.9154929577464789,0.5492957746478874,0.29577464788732394,0.22535211267605634,65.11644878996019,0.1111111111111111
91,5,rectangle_java2.jpg,Java,medium,A,stage1,0.9295774647887324,0.9436619718309859,0.6338028169014085,0.22535211267605634,0.18309859154929578,54.185278887712975,0.1527777777777778
91,2,vehicle_java2.jpg,Java,medium,B,stage1,0.8214285714285714,0.8839285714285714,0.6071428571428571,0.21428571428571427,0.10714285714285714,74.84280568630184,0.19642857142857142
91,2,vehicle_java2.jpg,Java,medium,B,stage2,0.7946428571428571,0.8571428571428571,0.5625,0.2857142857142857,0.15178571428571427,100.17088562068274,0.24107142857142858
53,5,vehicle_java.jpg,Java,medium,B,stage2,0.6865671641791045,0.7910447761194029,0.4925373134328358,0.26865671641791045,0.07462686567164178,105.93905522233186,0.14285714285714285
53,5,vehicle_java.jpg,Java,medium,B,stage1,0.7575757575757576,0.803030303030303,0.5454545454545454,0.2878787878787879,0.10606060606060606,76.9149634701732,0.13392857142857142
53,2,rectangle_java.jpg,Java,medium,A,stage2,0.735632183908046,0.8390804597701149,0.5172413793103449,0.25287356321839083,0.10344827586206896,114.23918086647379,0.19444444444444445
53,2,rectangle_java.jpg,Java,medium,A,stage1,0.6395348837209303,0.7441860465116279,0.3953488372093023,0.3372093023255814,0.09302325581395349,87.11986464026799,0.1736111111111111
145,2,rectangle_java2.jpg,Java,medium,A,stage2,0.7032967032967034,0.7802197802197802,0.46153846153846156,0.26373626373626374,0.054945054945054944,80.4769454839589,0.2152777777777778
145,2,rectangle_java2.jpg,Java,medium,A,stage1,0.8021978021978022,0.8351648351648352,0.5934065934065934,0.25274725274725274,0.0989010989010989,39.62017909612089,0.09722222222222222
145,5,vehicle_java2.jpg,Java,medium,B,stage2,0.8661417322834646,0.905511811023622,0.6614173228346457,0.1732283464566929,0.08661417322834646,51.81472112039021,0.20535714285714285
145,5,vehicle_java2.jpg,Java,medium,B,stage1,0.7777777777777778,0.8253968253968254,0.5,0.2698412698412698,0.10317460317460317,56.183444968638334,0.16964285714285715
5,5,vehicle_java2.jpg,Java,low,B,stage1,0.8536585365853658,0.8780487804878049,0.6097560975609756,0.18292682926829268,0.07317073170731707,50.596105784306594,0.19642857142857142
5,5,vehicle_java2.jpg,Java,low,B,stage2,0.8313253012048193,0.9036144578313253,0.6144578313253012,0.1927710843373494,0.10843373493975904,82.13288669860243,0.21428571428571427
5,2,rectangle_java2.jpg,Java,low,A,stage2,0.7872340425531915,0.8404255319148937,0.5319148936170213,0.26595744680851063,0.11702127659574468,89.96018842243589,0.18055555555555555
5,2,rectangle_java2.jpg,Java,low,A,stage1,0.7849462365591398,0.8387096774193549,0.5483870967741935,0.25806451612903225,0.10752688172043011,62.80750641655949,0.18055555555555555
54,2,vehicle_java.jpg,Java,medium,B,stage1,0.75,0.8194444444444444,0.625,0.18055555555555555,0.013888888888888888,81.70888677002583,0.125
54,2,vehicle_java.jpg,Java,medium,B,stage2,0.8493150684931506,0.9178082191780822,0.6986301369863014,0.1506849315068493,0.0821917808219178,105.09901046315082,0.19642857142857142
54,5,rectangle_java.jpg,Java,medium,A,stage1,0.7884615384615384,0.8525641025641025,0.5705128205128205,0.23717948717948717,0.09615384615384616,116.18217504707415,0.2569444444444444
54,5,rectangle_java.jpg,Java,medium,A,stage2,0.6624203821656051,0.7770700636942676,0.445859872611465,0.37579617834394907,0.1592356687898089,100.64305582269076,0.2361111111111111
142,5,rectangle_java2.jpg,Java,medium,A,stage1,0.8620689655172413,0.8908045977011494,0.5919540229885057,0.25862068965517243,0.15517241379310345,58.39645251899798,0.2222222222222222
142,5,rectangle_java2.jpg,Java,medium,A,stage2,0.7758620689655172,0.8448275862068966,0.5977011494252874,0.25287356321839083,0.10344827586206896,67.53700491583297,0.2152777777777778
142,2,vehicle_java2.jpg,Java,medium,B,stage1,0.7837837837837838,0.8468468468468469,0.5495495495495496,0.23423423423423423,0.09009009009009009,59.90415236067456,0.19642857142857142
142,2,vehicle_java2.jpg,Java,medium,B,stage2,0.8482142857142857,0.8928571428571429,0.6785714285714286,0.20535714285714285,0.10714285714285714,65.83234126595872,0.26785714285714285
189,2,vehicle_java2.jpg,Java,medium,B,stage1,0.8181818181818182,0.8909090909090909,0.6727272727272727,0.18181818181818182,0.09090909090909091,59.42978587895664,0.13392857142857142
189,2,vehicle_java2.jpg,Java,medium,B,stage2,0.7818181818181819,0.8909090909090909,0.6909090909090909,0.09090909090909091,0.0,74.43061513545757,0.13392857142857142
189,5,rectangle_java2.jpg,Java,medium,A,stage1,0.8539325842696629,0.898876404494382,0.6292134831460674,0.21348314606741572,0.12359550561797752,64.71312537360362,0.18055555555555555
189,5,rectangle_java2.jpg,Java,medium,A,stage2,0.8777777777777778,0.9,0.7222222222222222,0.2,0.1111111111111111,60.621197789792376,0.125
202,2,vehicle_java.jpg,Java,medium,B,stage2,0.7044673539518901,0.7869415807560137,0.5085910652920962,0.28865979381443296,0.07903780068728522,108.84388007459998,0.2767857142857143
202,2,vehicle_java.jpg,Java,medium,B,stage1,0.8075601374570447,0.8591065292096219,0.584192439862543,0.24398625429553264,0.10652920962199312,85.70039452097906,0.25
202,5,rectangle_java.jpg,Java,medium,A,stage1,0.7872340425531915,0.8191489361702128,0.5531914893617021,0.2872340425531915,0.11702127659574468,77.90439709576243,0.1111111111111111
202,5,rectangle_java.jpg,Java,medium,A,stage2,0.8842105263157894,0.9052631578947369,0.631578947368421,0.21052631578947367,0.12631578947368421,83.76864609133781,0.2013888888888889
204,5,rectangle_java.jpg,Java,low,A,stage2,0.7222222222222222,0.7777777777777778,0.5,0.2777777777777778,0.1111111111111111,111.17366154672564,0.05555555555555555
204,5,rectangle_java.jpg,Java,low,A,stage1,0.7647058823529411,0.8823529411764706,0.47058823529411764,0.058823529411764705,0.0,157.85040471750142,0.06944444444444445
204,2,vehicle_java.jpg,Java,low,B,stage1,0.5,0.6666666666666666,0.25,0.3333333333333333,0.08333333333333333,140.13068649264088,0.07142857142857142
204,2,vehicle_java.jpg,Java,low,B,stage2,0.46153846153846156,0.6923076923076923,0.3076923076923077,0.23076923076923078,0.0,118.65401736663432,0.0625
203,2,rectangle_java.jpg,Java,medium,A,stage1,0.7346938775510204,0.7959183673469388,0.5306122448979592,0.2857142857142857,0.10204081632653061,90.49904463132013,0.08333333333333333
203,2,rectangle_java.jpg,Java,medium,A,stage2,0.5714285714285714,0.7346938775510204,0.40816326530612246,0.3673469387755102,0.12244897959183673,136.09086183107,0.1527777777777778
203,5,vehicle_java.jpg,Java,medium,B,stage2,0.5,0.6538461538461539,0.3076923076923077,0.34615384615384615,0.038461538461538464,171.5035544519502,0.125
203,5,vehicle_java.jpg,Java,medium,B,stage1,0.6923076923076923,0.8076923076923077,0.38461538461538464,0.3076923076923077,0.15384615384615385,61.08684053875289,0.10714285714285714
210,5,rectangle_java2.jpg,Java,high,A,stage1,0.8666666666666667,0.9166666666666666,0.6333333333333333,0.15,0.08333333333333333,64.0953625577228,0.1111111111111111
210,5,rectangle_java2.jpg,Java,high,A,stage2,0.7377049180327869,0.8032786885245902,0.5081967213114754,0.2459016393442623,0.06557377049180328,59.72810268957429,0.1388888888888889
210,2,vehicle_java2.jpg,Java,high,B,stage1,0.8115942028985508,0.855072463768116,0.5507246376811594,0.18840579710144928,0.057971014492753624,59.78802015304474,0.16964285714285715
210,2,vehicle_java2.jpg,Java,high,B,stage2,0.782608695652174,0.855072463768116,0.5942028985507246,0.2318840579710145,0.10144927536231885,93.13424054893282,0.17857142857142858
216,2,vehicle_java2.jpg,Java,none,B,stage2,0.62,0.76,0.46,0.28,0.06,125.71955381204761,0.11607142857142858
216,2,vehicle_java2.jpg,Java,none,B,stage1,0.74,0.82,0.44,0.34,0.18,69.25482286423956,0.13392857142857142
211,2,rectangle_java2.jpg,Java,medium,A,stage1,0.9256756756756757,0.9459459459459459,0.7905405405405406,0.10810810810810811,0.060810810810810814,36.01641798581545,0.18055555555555555
211,2,rectangle_java2.jpg,Java,medium,A,stage2,0.8918918918918919,0.8986486486486487,0.6824324324324325,0.22972972972972974,0.13513513513513514,55.55662996848476,0.2013888888888889
211,5,vehicle_java2.jpg,Java,medium,B,stage1,0.8867924528301887,0.9150943396226415,0.7358490566037735,0.1320754716981132,0.05660377358490566,40.83263008673092,0.1875
211,5,vehicle_java2.jpg,Java,medium,B,stage2,0.8490566037735849,0.8867924528301887,0.6886792452830188,0.1792452830188679,0.07547169811320754,68.40620610396164,0.16071428571428573
49,2,rectangle_python.jpg,Python,medium,A,stage1,0.82,0.9,0.56,0.18,0.1,104.1917324619081,0.22340425531914893
49,2,rectangle_python.jpg,Python,medium,A,stage2,0.6470588235294118,0.7843137254901961,0.45098039215686275,0.35294117647058826,0.1568627450980392,123.70789022761292,0.19148936170212766
82,5,rectangle_java2.jpg,Java,high,A,stage1,0.8602150537634409,0.8924731182795699,0.6129032258064516,0.24731182795698925,0.15053763440860216,69.6255096350671,0.16666666666666666
82,5,rectangle_java2.jpg,Java,high,A,stage2,0.7659574468085106,0.851063829787234,0.5212765957446809,0.2978723404255319,0.1595744680851064,89.38681326592518,0.19444444444444445
82,2,vehicle_java2.jpg,Java,high,B,stage1,0.84,0.896,0.632,0.216,0.12,56.9866183969913,0.19642857142857142
82,2,vehicle_java2.jpg,Java,high,B,stage2,0.728,0.84,0.56,0.256,0.104,115.0847921718777,0.21428571428571427
194,2,rectangle_java.jpg,Java,medium,A,stage2,0.7372549019607844,0.8196078431372549,0.5176470588235295,0.30196078431372547,0.12549019607843137,97.3426264357483,0.25
194,2,rectangle_java.jpg,Java,medium,A,stage1,0.889763779527559,0.9173228346456693,0.6614173228346457,0.1889763779527559,0.11023622047244094,83.68271572130641,0.2638888888888889
158,5,vehicle_java2.jpg,Java,high,B,stage2,0.8041958041958042,0.8741258741258742,0.6363636363636364,0.21678321678321677,0.0979020979020979,69.03969828884762,0.15178571428571427
158,5,vehicle_java2.jpg,Java,high,B,stage1,0.8811188811188811,0.916083916083916,0.6993006993006993,0.18181818181818182,0.1048951048951049,50.11186130696556,0.19642857142857142
158,2,rectangle_java2.jpg,Java,high,A,stage2,0.7156862745098039,0.7843137254901961,0.5882352941176471,0.24509803921568626,0.0392156862745098,75.58372678105417,0.2013888888888889
158,2,rectangle_java2.jpg,Java,high,A,stage1,0.801980198019802,0.8811881188118812,0.6237623762376238,0.18811881188118812,0.07920792079207921,66.4282646949936,0.16666666666666666
71,2,rectangle_java.jpg,Java,low,A,stage2,0.7333333333333333,0.8,0.4888888888888889,0.35555555555555557,0.17777777777777778,127.99975184633189,0.11805555555555555
71,2,rectangle_java.jpg,Java,low,A,stage1,0.6363636363636364,0.7954545454545454,0.4772727272727273,0.20454545454545456,0.022727272727272728,109.95833261254035,0.1388888888888889
78,2,vehicle_java2.jpg,Java,low,B,stage1,0.8085106382978723,0.8723404255319149,0.5957446808510638,0.19148936170212766,0.0851063829787234,59.78302314928292,0.16964285714285715
78,2,vehicle_java2.jpg,Java,low,B,stage2,0.851063829787234,0.9361702127659575,0.5957446808510638,0.2127659574468085,0.1702127659574468,101.67999875876073,0.16071428571428573
78,5,rectangle_java2.jpg,Java,low,A,stage2,0.8461538461538461,0.8803418803418803,0.6324786324786325,0.19658119658119658,0.08547008547008547,68.18295114433862,0.1875
78,5,rectangle_java2.jpg,Java,low,A,stage1,0.9396551724137931,0.9482758620689655,0.646551724137931,0.23275862068965517,0.1896551724137931,55.71211690572711,0.1736111111111111
47,5,rectangle_python.jpg,Python,medium,A,stage2,0.6739130434782609,0.782608695652174,0.5,0.30434782608695654,0.10869565217391304,107.98725500767249,0.19148936170212766
47,5,rectangle_python.jpg,Python,medium,A,stage1,0.782608695652174,0.8478260869565217,0.5217391304347826,0.21739130434782608,0.08695652173913043,87.44258667679392,0.2127659574468085
151,2,rectangle_java2.jpg,Java,high,A,stage1,0.8149606299212598,0.8346456692913385,0.5590551181102362,0.23622047244094488,0.07480314960629922,49.072911918555405,0.24305555555555555
151,2,rectangle_java2.jpg,Java,high,A,stage2,0.8267716535433071,0.8543307086614174,0.65748031496063,0.2204724409448819,0.07874015748031496,49.55537021115242,0.2222222222222222
151,5,vehicle_java2.jpg,Java,high,B,stage2,0.7949526813880127,0.8548895899053628,0.6277602523659306,0.2334384858044164,0.0914826498422713,69.90301132231613,0.30357142857142855
151,5,vehicle_java2.jpg,Java,high,B,stage1,0.7981072555205048,0.8422712933753943,0.61198738170347,0.22712933753943218,0.07255520504731862,53.515404628468914,0.22321428571428573
169,2,vehicle_java.jpg,Java,medium,B,stage1,0.75,0.8,0.55,0.225,0.0375,66.75184351650384,0.14285714285714285
169,2,vehicle_java.jpg,Java,medium,B,stage2,0.7,0.8375,0.4625,0.225,0.075,110.63883114954045,0.21428571428571427
169,5,rectangle_java.jpg,Java,medium,A,stage2,0.6986301369863014,0.7876712328767124,0.4657534246575342,0.2876712328767123,0.0821917808219178,102.8304021813851,0.22916666666666666
169,5,rectangle_java.jpg,Java,medium,A,stage1,0.7448275862068966,0.8275862068965517,0.4896551724137931,0.296551724137931,0.1310344827586207,95.15025201295023,0.1736111111111111
40,2,rectangle_java.jpg,Java,medium,A,stage1,0.7752808988764045,0.8539325842696629,0.5617977528089888,0.3146067415730337,0.1797752808988764,104.86552375790174,0.1388888888888889
40,2,rectangle_java.jpg,Java,medium,A,stage2,0.8089887640449438,0.8539325842696629,0.5955056179775281,0.24719101123595505,0.11235955056179775,100.69269433874639,0.2013888888888889
40,5,vehicle_java.jpg,Java,medium,B,stage2,0.6818181818181818,0.8068181818181818,0.5113636363636364,0.25,0.06818181818181818,136.78641858562455,0.23214285714285715
40,5,vehicle_java.jpg,Java,medium,B,stage1,0.7931034482758621,0.896551724137931,0.5977011494252874,0.20689655172413793,0.11494252873563218,75.24596575584472,0.17857142857142858
14,2,rectangle_java2.jpg,Java,medium,A,stage1,0.8076923076923077,0.8717948717948718,0.5384615384615384,0.2948717948717949,0.1794871794871795,88.9606718002832,0.2013888888888889
14,2,rectangle_java2.jpg,Java,medium,A,stage2,0.8481012658227848,0.8734177215189873,0.620253164556962,0.20253164556962025,0.08860759493670886,48.683412442732184,0.1111111111111111
105,2,rectangle_java2.jpg,Java,high,A,stage1,0.7941176470588235,0.8676470588235294,0.5882352941176471,0.19117647058823528,0.07352941176470588,82.48679560411398,0.16666666666666666
105,2,rectangle_java2.jpg,Java,high,A,stage2,0.8382352941176471,0.8676470588235294,0.6470588235294118,0.17647058823529413,0.058823529411764705,59.561758329753424,0.09027777777777778
105,5,vehicle_java2.jpg,Java,high,B,stage1,0.891566265060241,0.9156626506024096,0.7469879518072289,0.13253012048192772,0.060240963855421686,37.71544482268773,0.10714285714285714
105,5,vehicle_java2.jpg,Java,high,B,stage2,0.7831325301204819,0.8554216867469879,0.5903614457831325,0.21686746987951808,0.08433734939759036,61.23754525120909,0.19642857142857142
13,5,vehicle_java2.jpg,Java,medium,B,stage1,0.8442028985507246,0.8731884057971014,0.5833333333333334,0.25,0.12681159420289856,58.558371581801325,0.22321428571428573
13,5,vehicle_java2.jpg,Java,medium,B,stage2,0.7065217391304348,0.822463768115942,0.5471014492753623,0.21014492753623187,0.036231884057971016,88.17906625655459,0.25
13,2,rectangle_java2.jpg,Java,medium,A,stage1,0.889763779527559,0.9133858267716536,0.6062992125984252,0.23622047244094488,0.15748031496062992,66.2623967512823,0.19444444444444445
13,2,rectangle_java2.jpg,Java,medium,A,stage2,0.7421875,0.796875,0.4453125,0.3203125,0.125,80.50827085203525,0.19444444444444445
133,5,vehicle_java2.jpg,Java,medium,B,stage1,0.8571428571428571,0.8947368421052632,0.5939849624060151,0.23308270676691728,0.13533834586466165,49.7898788040794,0.1875
133,5,vehicle_java2.jpg,Java,medium,B,stage2,0.7910447761194029,0.8656716417910447,0.5746268656716418,0.208955223880597,0.08208955223880597,92.16306085045436,0.2767857142857143
25,5,vehicle_java2.jpg,Java,medium,B,stage1,0.8767123287671232,0.9041095890410958,0.6301369863013698,0.2191780821917808,0.13013698630136986,42.778878737631324,0.17857142857142858
25,5,vehicle_java2.jpg,Java,medium,B,stage2,0.7397260273972602,0.8287671232876712,0.5684931506849316,0.2534246575342466,0.08904109589041095,75.60852771307125,0.25892857142857145
25,2,rectangle_java2.jpg,Java,medium,A,stage2,0.7734806629834254,0.8397790055248618,0.5248618784530387,0.287292817679558,0.13259668508287292,70.49459712653572,0.2013888888888889
25,2,rectangle_java2.jpg,Java,medium,A,stage1,0.8784530386740331,0.8950276243093923,0.6353591160220995,0.20994475138121546,0.11049723756906077,55.89202605145108,0.25
168,5,vehicle_java2.jpg,Java,medium,B,stage1,0.8253968253968254,0.8809523809523809,0.5873015873015873,0.2222222222222222,0.1111111111111111,74.97246966965989,0.25892857142857145
168,2,rectangle_java2.jpg,Java,medium,A,stage2,0.8266129032258065,0.8830645161290323,0.6169354838709677,0.25,0.13709677419354838,60.69994599081958,0.20833333333333334
168,5,vehicle_java2.jpg,Java,medium,B,stage2,0.7401574803149606,0.84251968503937,0.5748031496062992,0.2440944881889764,0.09448818897637795,103.73878222714342,0.22321428571428573
168,2,rectangle_java2.jpg,Java,medium,A,stage1,0.7580645161290323,0.8225806451612904,0.532258064516129,0.29435483870967744,0.12096774193548387,87.87703573231667,0.2847222222222222
41,5,vehicle_java2.jpg,Java,high,B,stage1,0.8614457831325302,0.8855421686746988,0.608433734939759,0.23493975903614459,0.12650602409638553,43.50767098675556,0.20535714285714285
41,5,vehicle_java2.jpg,Java,high,B,stage2,0.8263473053892215,0.8862275449101796,0.6526946107784432,0.19760479041916168,0.08982035928143713,74.29133757641821,0.2857142857142857
41,2,rectangle_java2.jpg,Java,high,A,stage2,0.8050314465408805,0.8490566037735849,0.5911949685534591,0.25157232704402516,0.1069182389937107,62.86839929060745,0.1597222222222222
41,2,rectangle_java2.jpg,Java,high,A,stage1,0.8616352201257862,0.8867924528301887,0.5974842767295597,0.25157232704402516,0.14465408805031446,58.68782401349479,0.2152777777777778
79,5,rectangle_java2.jpg,Java,medium,A,stage1,0.9015151515151515,0.9166666666666666,0.6590909090909091,0.19696969696969696,0.12121212121212122,47.36078481525575,0.16666666666666666
79,5,rectangle_java2.jpg,Java,medium,A,stage2,0.8333333333333334,0.8787878787878788,0.6136363636363636,0.1893939393939394,0.07575757575757576,73.68917046121443,0.2638888888888889
79,2,vehicle_java2.jpg,Java,medium,B,stage2,0.8,0.8516129032258064,0.5225806451612903,0.22580645161290322,0.08387096774193549,59.23723132651501,0.26785714285714285
79,2,vehicle_java2.jpg,Java,medium,B,stage1,0.8903225806451613,0.9161290322580645,0.7290322580645161,0.12903225806451613,0.05161290322580645,54.58179822758436,0.20535714285714285
192,2,rectangle_java.jpg,Java,medium,A,stage1,0.8376623376623377,0.8636363636363636,0.6428571428571429,0.2012987012987013,0.07142857142857142,49.544230716300966,0.18055555555555555
192,2,rectangle_java.jpg,Java,medium,A,stage2,0.8311688311688312,0.8896103896103896,0.6298701298701299,0.22727272727272727,0.12337662337662338,97.70224952067672,0.25
192,5,vehicle_java.jpg,Java,medium,B,stage1,0.8289473684210527,0.881578947368421,0.618421052631579,0.18421052631578946,0.07894736842105263,88.68085235588165,0.16964285714285715
192,5,vehicle_java.jpg,Java,medium,B,stage2,0.8961038961038961,0.935064935064935,0.7402597402597403,0.14285714285714285,0.09090909090909091,102.46466338006663,0.1875
84,2,vehicle_java2.jpg,Java,medium,B,stage2,0.8174603174603174,0.8650793650793651,0.5634920634920635,0.2777777777777778,0.15079365079365079,67.56226709499023,0.22321428571428573
84,2,vehicle_java2.jpg,Java,medium,B,stage1,0.768,0.832,0.536,0.248,0.088,50.80517220271074,0.23214285714285715
84,5,rectangle_java2.jpg,Java,medium,A,stage2,0.75,0.8257575757575758,0.48484848484848486,0.2878787878787879,0.12121212121212122,83.24257989342165,0.2013888888888889
84,5,rectangle_java2.jpg,Java,medium,A,stage1,0.8244274809160306,0.8854961832061069,0.5648854961832062,0.22900763358778625,0.12213740458015267,76.61807552176874,0.2013888888888889
166,5,vehicle_java.jpg,Java,medium,B,stage1,0.7302631578947368,0.8223684210526315,0.5197368421052632,0.26973684210526316,0.09868421052631579,101.7256142269248,0.21428571428571427
166,5,vehicle_java.jpg,Java,medium,B,stage2,0.7581699346405228,0.8431372549019608,0.5359477124183006,0.2549019607843137,0.10457516339869281,114.60905569689032,0.33035714285714285
70,5,vehicle_java2.jpg,Java,low,B,stage1,0.90625,0.90625,0.71875,0.140625,0.0625,50.15073677179588,0.11607142857142858
70,5,vehicle_java2.jpg,Java,low,B,stage2,0.676923076923077,0.8,0.49230769230769234,0.24615384615384617,0.06153846153846154,73.86295940781037,0.14285714285714285
48,5,rectangle_java2.jpg,Java,high,A,stage2,0.7846153846153846,0.8615384615384616,0.5538461538461539,0.2,0.07692307692307693,92.63621894344378,0.16666666666666666
48,5,rectangle_java2.jpg,Java,high,A,stage1,0.9375,0.9375,0.6875,0.234375,0.1875,45.356034640609394,0.0763888888888889
48,2,vehicle_java2.jpg,Java,high,B,stage2,0.8,0.88,0.61,0.21,0.1,84.1106367833792,0.22321428571428573
48,2,vehicle_java2.jpg,Java,high,B,stage1,0.86,0.89,0.63,0.24,0.14,47.074634254717886,0.17857142857142858
161,2,vehicle_python.jpg,Python,medium,B,stage1,0.6987951807228916,0.8072289156626506,0.4578313253012048,0.25301204819277107,0.07228915662650602,74.96964627333557,0.24285714285714285
161,2,vehicle_python.jpg,Python,medium,B,stage2,0.7710843373493976,0.8313253012048193,0.6144578313253012,0.18072289156626506,0.024096385542168676,96.18540420161494,0.24285714285714285
77,2,vehicle_java2.jpg,Java,medium,B,stage2,0.8564102564102564,0.9025641025641026,0.6666666666666666,0.2205128205128205,0.1282051282051282,65.4536311210617,0.25
77,2,vehicle_java2.jpg,Java,medium,B,stage1,0.9226804123711341,0.9329896907216495,0.6907216494845361,0.16494845360824742,0.10309278350515463,51.37304781810612,0.24107142857142858
77,5,rectangle_java2.jpg,Java,medium,A,stage2,0.7954545454545454,0.8693181818181818,0.5681818181818182,0.2727272727272727,0.14772727272727273,69.94114971148932,0.2013888888888889
77,5,rectangle_java2.jpg,Java,medium,A,stage1,0.75,0.8125,0.4659090909090909,0.30113636363636365,0.11931818181818182,72.09743864987875,0.1736111111111111
83,2,vehicle_java2.jpg,Java,medium,B,stage2,0.7707006369426752,0.8280254777070064,0.5923566878980892,0.2484076433121019,0.08280254777070063,67.20028470046002,0.21428571428571427
83,2,vehicle_java2.jpg,Java,medium,B,stage1,0.8589743589743589,0.9102564102564102,0.6794871794871795,0.1794871794871795,0.09615384615384616,70.42391458942622,0.21428571428571427
83,5,rectangle_java2.jpg,Java,medium,A,stage2,0.7257142857142858,0.8285714285714286,0.52,0.28,0.11428571428571428,70.92175399305926,0.2152777777777778
83,5,rectangle_java2.jpg,Java,medium,A,stage1,0.8171428571428572,0.8685714285714285,0.5657142857142857,0.26285714285714284,0.13714285714285715,70.9391569877084,0.2638888888888889
135,2,rectangle_java2.jpg,Java,medium,A,stage1,0.7319587628865979,0.7835051546391752,0.4742268041237113,0.29896907216494845,0.09278350515463918,69.26502309075055,0.1597222222222222
135,2,rectangle_java2.jpg,Java,medium,A,stage2,0.6701030927835051,0.7525773195876289,0.422680412371134,0.31958762886597936,0.08247422680412371,107.5204764945506,0.1597222222222222
135,5,vehicle_java2.jpg,Java,medium,B,stage2,0.6301369863013698,0.7808219178082192,0.4315068493150685,0.3219178082191781,0.1095890410958904,109.80019382655598,0.25892857142857145
135,5,vehicle_java2.jpg,Java,medium,B,stage1,0.7241379310344828,0.8068965517241379,0.496551724137931,0.25517241379310346,0.06896551724137931,74.64182467397015,0.22321428571428573
24,2,vehicle_java2.jpg,Java,medium,B,stage1,0.8461538461538461,0.8846153846153846,0.6538461538461539,0.2403846153846154,0.1346153846153846,45.065602382904984,0.13392857142857142
24,2,vehicle_java2.jpg,Java,medium,B,stage2,0.8365384615384616,0.9134615384615384,0.75,0.11538461538461539,0.038461538461538464,69.85807452882264,0.24107142857142858
24,5,rectangle_java2.jpg,Java,medium,A,stage2,0.8969072164948454,0.9175257731958762,0.6597938144329897,0.1958762886597938,0.12371134020618557,65.77599451127934,0.1527777777777778
24,5,rectangle_java2.jpg,Java,medium,A,stage1,0.8645833333333334,0.90625,0.6979166666666666,0.16666666666666666,0.08333333333333333,51.93789823053057,0.13194444444444445
132,5,vehicle_java2.jpg,Java,low,B,stage2,0.831081081081081,0.8783783783783784,0.6216216216216216,0.20270270270270271,0.08783783783783784,72.12110208703466,0.21428571428571427
132,5,vehicle_java2.jpg,Java,low,B,stage1,0.7837837837837838,0.8175675675675675,0.5337837837837838,0.23648648648648649,0.060810810810810814,60.977251431982445,0.1875
132,2,rectangle_java2.jpg,Java,low,A,stage1,0.7401960784313726,0.7892156862745098,0.46568627450980393,0.29411764705882354,0.08823529411764706,69.73013397920737,0.2777777777777778
132,2,rectangle_java2.jpg,Java,low,A,stage2,0.7804878048780488,0.8536585365853658,0.6,0.23414634146341465,0.09268292682926829,74.57164684038318,0.2152777777777778
12,2,vehicle_java2.jpg,Java,low,B,stage1,0.7842105263157895,0.8263157894736842,0.5368421052631579,0.23157894736842105,0.06315789473684211,63.51545063322334,0.22321428571428573
12,5,rectangle_java2.jpg,Java,low,A,stage1,0.7428571428571429,0.8142857142857143,0.4857142857142857,0.2571428571428571,0.08571428571428572,64.67824935205958,0.13194444444444445
12,2,vehicle_java2.jpg,Java,low,B,stage2,0.8789473684210526,0.9105263157894737,0.6894736842105263,0.17894736842105263,0.09473684210526316,58.35746166305817,0.22321428571428573
12,5,rectangle_java2.jpg,Java,low,A,stage2,0.8857142857142857,0.9,0.5857142857142857,0.22857142857142856,0.14285714285714285,84.3712339993942,0.1736111111111111
104,5,vehicle_java.jpg,Java,medium,B,stage2,0.6810344827586207,0.7931034482758621,0.5517241379310345,0.25,0.05172413793103448,97.9180146437456,0.20535714285714285
104,5,vehicle_java.jpg,Java,medium,B,stage1,0.7739130434782608,0.8521739130434782,0.5565217391304348,0.23478260869565218,0.09565217391304348,91.40066908208628,0.1875
104,2,rectangle_java.jpg,Java,medium,A,stage2,0.7394366197183099,0.8028169014084507,0.5211267605633803,0.2887323943661972,0.09859154929577464,84.57766781333987,0.1736111111111111
104,2,rectangle_java.jpg,Java,medium,A,stage1,0.7605633802816901,0.8380281690140845,0.528169014084507,0.31690140845070425,0.1619718309859155,91.05047528028165,0.1875
15,2,rectangle_java.jpg,Java,medium,A,stage2,0.9230769230769231,0.9340659340659341,0.7142857142857143,0.17582417582417584,0.12087912087912088,83.41011041297443,0.125
15,2,rectangle_java.jpg,Java,medium,A,stage1,0.8777777777777778,0.9,0.5888888888888889,0.15555555555555556,0.06666666666666667,78.56971499639887,0.1875
