Participant,Trial,code_file,Programming_Language,Expertise,Comprehension_Result,Complexity,Vertical_Next_Text,Vertical_Later_Text,Horizontal_Later_Text,Regression_Rate,Line_Regression_Rate,Saccade_Length,Element_Coverage
147,5,vehicle_java2.jpg,Java,medium,0,B,0.7853107344632768,0.8587570621468926,0.536723163841808,0.2655367231638418,0.12994350282485875,82.20061424568146,0.29464285714285715
147,2,rectangle_java2.jpg,Java,medium,1,A,0.8207885304659498,0.8637992831541219,0.5806451612903226,0.24014336917562723,0.10752688172043011,60.32946528498725,0.2847222222222222
51,5,rectangle_java2.jpg,Java,medium,0,A,0.8620689655172413,0.8896551724137931,0.6344827586206897,0.19310344827586207,0.0896551724137931,50.599162342539245,0.22916666666666666
51,2,vehicle_java2.jpg,Java,medium,0,B,0.7888888888888889,0.8555555555555555,0.5444444444444444,0.2222222222222222,0.08888888888888889,55.92242270911324,0.1875
178,5,vehicle_java2.jpg,Java,high,0,B,0.8,0.8625,0.5625,0.225,0.09375,60.80298787732565,0.25
178,2,rectangle_java2.jpg,Java,high,1,A,0.7887931034482759,0.8275862068965517,0.5732758620689655,0.23275862068965517,0.06465517241379311,72.94170022591499,0.2638888888888889
140,2,vehicle_java2.jpg,Java,high,0,B,0.7927927927927928,0.8423423423423423,0.5495495495495496,0.23423423423423423,0.08108108108108109,56.939511179823015,0.29464285714285715
140,5,rectangle_java2.jpg,Java,high,0,A,0.8125,0.8359375,0.4921875,0.2734375,0.1171875,60.85434177534512,0.22916666666666666
56,5,rectangle_java2.jpg,Java,high,1,A,0.852112676056338,0.8943661971830986,0.676056338028169,0.2112676056338028,0.11267605633802817,65.32449523042997,0.2361111111111111
56,2,vehicle_java2.jpg,Java,high,1,B,0.7602739726027398,0.8287671232876712,0.5616438356164384,0.2602739726027397,0.0958904109589041,78.41650233663492,0.22321428571428573
69,2,rectangle_java2.jpg,Java,high,0,A,0.8274647887323944,0.8661971830985915,0.5704225352112676,0.2711267605633803,0.14084507042253522,75.70873216560265,0.2708333333333333
69,5,vehicle_java2.jpg,Java,high,0,B,0.8386075949367089,0.8892405063291139,0.6139240506329114,0.21518987341772153,0.10759493670886076,72.12097780660453,0.25892857142857145
176,5,vehicle_java2.jpg,Java,low,0,B,0.8823529411764706,0.9068627450980392,0.7058823529411765,0.14215686274509803,0.051470588235294115,56.64701202977138,0.30357142857142855
176,2,rectangle_java2.jpg,Java,low,1,A,0.8432539682539683,0.878968253968254,0.6329365079365079,0.2123015873015873,0.09325396825396826,60.00086941480985,0.2916666666666667
60,5,rectangle_java2.jpg,Java,medium,1,A,0.8359375,0.875,0.59765625,0.2421875,0.12109375,70.30585601285483,0.2777777777777778
60,2,vehicle_java2.jpg,Java,medium,0,B,0.8431372549019608,0.8986928104575164,0.7091503267973857,0.16993464052287582,0.0718954248366013,68.42278670685013,0.3392857142857143
182,2,vehicle_java2.jpg,Java,medium,0,B,0.7475,0.835,0.5575,0.275,0.1125,90.1525923705296,0.33035714285714285
182,5,rectangle_java2.jpg,Java,medium,1,A,0.8285714285714286,0.8857142857142857,0.5857142857142857,0.2785714285714286,0.16785714285714284,79.91255014840165,0.2777777777777778
94,5,vehicle_java2.jpg,Java,medium,0,B,0.8161764705882353,0.8970588235294118,0.6764705882352942,0.14705882352941177,0.051470588235294115,66.69063997124668,0.20535714285714285
94,2,rectangle_java2.jpg,Java,medium,0,A,0.8076923076923077,0.8769230769230769,0.6692307692307692,0.17692307692307693,0.06153846153846154,60.78045467152961,0.19444444444444445
185,2,rectangle_java2.jpg,Java,medium,1,A,0.8861788617886179,0.926829268292683,0.6991869918699187,0.13821138211382114,0.07317073170731707,60.39976568153371,0.2152777777777778
93,2,vehicle_java.jpg,Java,none,0,B,0.6833333333333333,0.7833333333333333,0.55,0.25,0.05,92.89344455937363,0.15178571428571427
93,5,rectangle_java.jpg,Java,none,0,A,0.7764705882352941,0.8235294117647058,0.5058823529411764,0.27058823529411763,0.10588235294117647,63.073056612320855,0.1527777777777778
171,5,rectangle_java2.jpg,Java,medium,1,A,0.8662420382165605,0.910828025477707,0.6178343949044586,0.2484076433121019,0.16560509554140126,69.1337354206709,0.2569444444444444
171,2,vehicle_java2.jpg,Java,medium,0,B,0.8404255319148937,0.8900709219858156,0.6347517730496454,0.21631205673758866,0.1099290780141844,71.23961010026743,0.33035714285714285
67,2,rectangle_java2.jpg,Java,high,1,A,0.7707006369426752,0.8343949044585988,0.5222929936305732,0.2484076433121019,0.08917197452229299,77.2198372499921,0.2152777777777778
58,2,vehicle_java2.jpg,Java,medium,0,B,0.8193548387096774,0.8774193548387097,0.6451612903225806,0.1935483870967742,0.07741935483870968,63.8428932582497,0.22321428571428573
33,5,rectangle_java2.jpg,Java,high,1,A,0.6620689655172414,0.7793103448275862,0.41379310344827586,0.32413793103448274,0.1103448275862069,108.1447792078923,0.22916666666666666
33,2,vehicle_java2.jpg,Java,high,0,B,0.796875,0.875,0.5625,0.25390625,0.1328125,83.84124353716865,0.29464285714285715
125,2,rectangle_java.jpg,Java,medium,1,A,0.6636363636363637,0.7636363636363637,0.35454545454545455,0.33636363636363636,0.10909090909090909,125.20176859586824,0.20833333333333334
34,5,rectangle_java2.jpg,Java,medium,0,A,0.8677685950413223,0.9049586776859504,0.6611570247933884,0.23140495867768596,0.14049586776859505,58.006075424701024,0.22916666666666666
34,2,vehicle_java2.jpg,Java,medium,0,B,0.7696078431372549,0.8480392156862745,0.5686274509803921,0.25,0.10294117647058823,73.5029513979201,0.26785714285714285
114,5,vehicle_java2.jpg,Java,medium,0,B,0.7727272727272727,0.8863636363636364,0.6022727272727273,0.17045454545454544,0.06818181818181818,86.18947231682348,0.22321428571428573
66,2,vehicle_java2.jpg,Java,medium,0,B,0.7586206896551724,0.8620689655172413,0.5517241379310345,0.20689655172413793,0.08620689655172414,88.02478410129862,0.19642857142857142
66,5,rectangle_java2.jpg,Java,medium,1,A,0.7217391304347827,0.8,0.5043478260869565,0.30434782608695654,0.11304347826086956,66.40766797595258,0.19444444444444445
170,5,vehicle_java2.jpg,Java,medium,1,B,0.848297213622291,0.8854489164086687,0.6408668730650154,0.20743034055727555,0.09597523219814241,64.47983133076984,0.26785714285714285
59,2,vehicle_java.jpg,Java,medium,0,B,0.7801418439716312,0.8439716312056738,0.549645390070922,0.28368794326241137,0.13120567375886524,86.58978789409232,0.30357142857142855
183,2,vehicle_java2.jpg,Java,medium,1,B,0.7464285714285714,0.8357142857142857,0.5142857142857142,0.275,0.11428571428571428,72.67981845422958,0.3392857142857143
61,2,vehicle_java2.jpg,Java,medium,1,B,0.7942583732057417,0.8516746411483254,0.5358851674641149,0.2727272727272727,0.1291866028708134,74.74289000380826,0.25
61,5,rectangle_java2.jpg,Java,medium,1,A,0.7683284457478006,0.8269794721407625,0.5161290322580645,0.2668621700879765,0.0967741935483871,63.850223241265766,0.2708333333333333
1,2,vehicle_java.jpg,Java,high,0,B,0.7368421052631579,0.8421052631578947,0.5413533834586466,0.20300751879699247,0.05263157894736842,97.05975741866709,0.23214285714285715
57,2,rectangle_java2.jpg,Java,medium,1,A,0.8372093023255814,0.9069767441860465,0.5465116279069767,0.26744186046511625,0.18604651162790697,66.56537697853264,0.16666666666666666
57,5,vehicle_java2.jpg,Java,medium,0,B,0.7513227513227513,0.8412698412698413,0.5291005291005291,0.2857142857142857,0.13227513227513227,81.36771409060628,0.24107142857142858
141,2,vehicle_java2.jpg,Java,low,0,B,0.8716814159292036,0.9026548672566371,0.6548672566371682,0.1902654867256637,0.09734513274336283,71.6719750937567,0.32142857142857145
68,5,vehicle_java2.jpg,Java,medium,1,B,0.8607594936708861,0.9113924050632911,0.6645569620253164,0.1962025316455696,0.11392405063291139,52.423658072450856,0.23214285714285715
68,2,rectangle_java2.jpg,Java,medium,0,A,0.8511627906976744,0.8837209302325582,0.6325581395348837,0.19534883720930232,0.08372093023255814,45.39095528456165,0.2569444444444444
50,2,vehicle_java2.jpg,Java,medium,0,B,0.68,0.7538461538461538,0.4523076923076923,0.3169230769230769,0.07384615384615385,71.99811803683848,0.2857142857142857
6,2,rectangle_java.jpg,Java,medium,1,A,0.859375,0.8984375,0.6796875,0.1796875,0.0859375,67.29326854073243,0.22916666666666666
6,5,vehicle_java.jpg,Java,medium,0,B,0.8309178743961353,0.8743961352657005,0.5845410628019324,0.22705314009661837,0.10628019323671498,72.94192706048834,0.25
179,5,rectangle_java2.jpg,Java,low,1,A,0.8591549295774648,0.8913480885311871,0.6257545271629779,0.24346076458752516,0.13682092555331993,62.68944518608714,0.2916666666666667
179,2,vehicle_java2.jpg,Java,low,0,B,0.8511749347258486,0.8929503916449086,0.618798955613577,0.2402088772845953,0.13577023498694518,61.97992314922178,0.35714285714285715
112,2,rectangle_java2.jpg,Java,medium,1,A,0.7657657657657657,0.8378378378378378,0.5,0.2882882882882883,0.13063063063063063,62.85380624926225,0.25
115,5,vehicle_java2.jpg,Java,medium,0,B,0.7177700348432056,0.8083623693379791,0.49825783972125437,0.2857142857142857,0.0975609756097561,82.55942506405172,0.3125
115,2,rectangle_java2.jpg,Java,medium,1,A,0.8402777777777778,0.8888888888888888,0.6111111111111112,0.2569444444444444,0.1527777777777778,68.51780797227433,0.2152777777777778
123,2,rectangle_java.jpg,Java,high,0,A,0.825136612021858,0.8743169398907104,0.6065573770491803,0.25136612021857924,0.13114754098360656,87.79445443668352,0.2361111111111111
35,2,rectangle_java2.jpg,Java,low,1,A,0.8304093567251462,0.8830409356725146,0.5730994152046783,0.2573099415204678,0.14619883040935672,77.60438247082523,0.2638888888888889
35,5,vehicle_java2.jpg,Java,low,0,B,0.7660377358490567,0.8528301886792453,0.5773584905660377,0.25660377358490566,0.11320754716981132,90.00627530040062,0.29464285714285715
124,5,rectangle_java2.jpg,Java,medium,1,A,0.7889908256880734,0.8256880733944955,0.5,0.29357798165137616,0.12385321100917432,65.87244982542873,0.2638888888888889
124,2,vehicle_java2.jpg,Java,medium,1,B,0.7719298245614035,0.8421052631578947,0.5929824561403508,0.24210526315789474,0.08771929824561403,84.81706682230536,0.30357142857142855
32,2,rectangle_java2.jpg,Java,high,1,A,0.9071428571428571,0.9357142857142857,0.6928571428571428,0.17857142857142858,0.12142857142857143,63.557562405473426,0.2638888888888889
32,5,vehicle_java2.jpg,Java,high,0,B,0.8859649122807017,0.9342105263157895,0.7236842105263158,0.14912280701754385,0.08771929824561403,58.04183087852598,0.2767857142857143
206,5,rectangle_java2.jpg,Java,low,0,A,0.7466666666666667,0.7973333333333333,0.512,0.2853333333333333,0.08533333333333333,61.41301739884666,0.2916666666666667
206,2,vehicle_java2.jpg,Java,low,0,B,0.8164794007490637,0.850187265917603,0.5805243445692884,0.23595505617977527,0.0898876404494382,59.50438068677456,0.2767857142857143
201,5,vehicle_java2.jpg,Java,medium,0,B,0.8723404255319149,0.925531914893617,0.6808510638297872,0.1276595744680851,0.06382978723404255,53.93896706247638,0.16964285714285715
201,2,rectangle_java2.jpg,Java,medium,1,A,0.8333333333333334,0.875,0.5666666666666667,0.21666666666666667,0.1,57.064211856010765,0.19444444444444445
208,5,rectangle_java2.jpg,Java,low,1,A,0.8206106870229007,0.8664122137404581,0.5877862595419847,0.2480916030534351,0.1183206106870229,55.67904678143764,0.25
200,2,vehicle_java.jpg,Java,low,1,B,0.7909604519774012,0.8813559322033898,0.5706214689265536,0.23728813559322035,0.12429378531073447,107.36686759460608,0.30357142857142855
200,5,rectangle_java.jpg,Java,low,1,A,0.7521739130434782,0.8173913043478261,0.5304347826086957,0.2826086956521739,0.10434782608695652,89.51071368055301,0.22916666666666666
207,2,vehicle_java2.jpg,Java,medium,0,B,0.8237082066869301,0.8814589665653495,0.6170212765957447,0.23100303951367782,0.11550151975683891,70.10104222552712,0.2857142857142857
207,5,rectangle_java2.jpg,Java,medium,1,A,0.7931034482758621,0.8352490421455939,0.578544061302682,0.25287356321839083,0.09195402298850575,73.36475704691009,0.2569444444444444
214,5,vehicle_java2.jpg,Java,medium,1,B,0.8134328358208955,0.8600746268656716,0.5970149253731343,0.24440298507462688,0.10634328358208955,66.99257995817112,0.35714285714285715
214,2,rectangle_java2.jpg,Java,medium,1,A,0.7368421052631579,0.8,0.4842105263157895,0.3263157894736842,0.12982456140350876,78.71663219370596,0.2569444444444444
212,2,rectangle_java2.jpg,Java,medium,0,A,0.7037037037037037,0.7777777777777778,0.4444444444444444,0.3333333333333333,0.11728395061728394,60.7567849541461,0.22916666666666666
215,5,rectangle_java2.jpg,Java,medium,0,A,0.8315789473684211,0.8736842105263158,0.5789473684210527,0.2578947368421053,0.1368421052631579,74.0425376214087,0.2638888888888889
215,2,vehicle_java2.jpg,Java,medium,1,B,0.7558139534883721,0.8410852713178295,0.5891472868217055,0.23255813953488372,0.07751937984496124,93.73816132090644,0.25
106,2,vehicle_java2.jpg,Java,medium,0,B,0.7025641025641025,0.8,0.5333333333333333,0.27692307692307694,0.08205128205128205,93.64532959412283,0.25892857142857145
10,5,vehicle_java.jpg,Java,medium,0,B,0.8444444444444444,0.8888888888888888,0.6370370370370371,0.16296296296296298,0.05925925925925926,80.04621546717414,0.25
139,5,vehicle_java2.jpg,Java,low,0,B,0.9017857142857143,0.9285714285714286,0.6517857142857143,0.17857142857142858,0.11607142857142858,64.92568160698232,0.21428571428571427
101,2,rectangle_java2.jpg,Java,medium,0,A,0.7911392405063291,0.8607594936708861,0.5316455696202531,0.24050632911392406,0.10759493670886076,93.21855261952177,0.2708333333333333
101,5,vehicle_java2.jpg,Java,medium,1,B,0.8605990783410138,0.902073732718894,0.663594470046083,0.195852534562212,0.09907834101382489,66.01129745041683,0.33035714285714285
17,2,rectangle_java2.jpg,Java,medium,1,A,0.8036529680365296,0.8538812785388128,0.5616438356164384,0.2785388127853881,0.136986301369863,64.88709210305802,0.2361111111111111
17,5,vehicle_java2.jpg,Java,medium,0,B,0.7665505226480837,0.8571428571428571,0.5714285714285714,0.23693379790940766,0.0975609756097561,83.04189415106724,0.32142857142857145
28,2,rectangle_java2.jpg,Java,medium,1,A,0.8243727598566308,0.8817204301075269,0.6164874551971327,0.25806451612903225,0.14336917562724014,79.02083595779924,0.2986111111111111
28,5,vehicle_java2.jpg,Java,medium,0,B,0.9026548672566371,0.9380530973451328,0.6991150442477876,0.18584070796460178,0.13274336283185842,75.55092742567477,0.22321428571428573
21,5,vehicle_java2.jpg,Java,low,0,B,0.8107344632768362,0.867231638418079,0.5819209039548022,0.24293785310734464,0.11299435028248588,65.15209175488482,0.30357142857142855
21,2,rectangle_java2.jpg,Java,low,1,A,0.8706624605678234,0.8927444794952681,0.5678233438485805,0.27129337539432175,0.167192429022082,70.44287481191725,0.2777777777777778
108,5,rectangle_java2.jpg,Java,high,1,A,0.7806451612903226,0.8516129032258064,0.5935483870967742,0.22580645161290322,0.08387096774193549,69.42286016200327,0.2222222222222222
108,2,vehicle_java2.jpg,Java,high,0,B,0.7294117647058823,0.8117647058823529,0.5411764705882353,0.23529411764705882,0.058823529411764705,98.63424124892093,0.22321428571428573
26,2,vehicle_java2.jpg,Java,high,1,B,0.7679558011049724,0.8674033149171271,0.47513812154696133,0.2983425414364641,0.1712707182320442,97.9058679973834,0.2767857142857143
19,5,vehicle_java.jpg,Java,medium,1,B,0.8321167883211679,0.8978102189781022,0.635036496350365,0.145985401459854,0.051094890510948905,78.57758254450853,0.22321428571428573
72,2,vehicle_java2.jpg,Java,medium,0,B,0.7247706422018348,0.8073394495412844,0.5504587155963303,0.24770642201834864,0.0581039755351682,69.91943011354195,0.29464285714285715
164,2,vehicle_java2.jpg,Java,low,0,B,0.7319148936170212,0.8170212765957446,0.4978723404255319,0.3021276595744681,0.12340425531914893,76.1846659276582,0.30357142857142855
164,5,rectangle_java2.jpg,Java,low,1,A,0.7203791469194313,0.8009478672985783,0.47393364928909953,0.3080568720379147,0.11374407582938388,83.10417239404373,0.24305555555555555
86,5,vehicle_java2.jpg,Java,medium,0,B,0.8827586206896552,0.9137931034482759,0.6551724137931034,0.18620689655172415,0.10344827586206896,58.72156149888337,0.2767857142857143
86,2,rectangle_java2.jpg,Java,medium,1,A,0.8612612612612612,0.9045045045045045,0.6576576576576577,0.22702702702702704,0.13333333333333333,65.71618023970733,0.2847222222222222
190,2,vehicle_java2.jpg,Java,medium,0,B,0.8854166666666666,0.9375,0.7083333333333334,0.11458333333333333,0.0625,72.21151879582716,0.23214285714285715
81,5,rectangle_java.jpg,Java,medium,1,A,0.8174603174603174,0.8650793650793651,0.5952380952380952,0.23809523809523808,0.1111111111111111,78.44117646105093,0.20833333333333334
81,2,vehicle_java.jpg,Java,medium,0,B,0.8770226537216829,0.919093851132686,0.6828478964401294,0.18446601941747573,0.10679611650485436,81.88309179989871,0.32142857142857145
197,2,vehicle_java.jpg,Java,medium,0,B,0.8181818181818182,0.8814229249011858,0.5968379446640316,0.25296442687747034,0.1383399209486166,91.05652208097959,0.25892857142857145
75,2,vehicle_java.jpg,Java,medium,0,B,0.7714285714285715,0.8607142857142858,0.6214285714285714,0.21428571428571427,0.07857142857142857,100.11432949283336,0.25
75,5,rectangle_java.jpg,Java,medium,1,A,0.7323232323232324,0.8333333333333334,0.47474747474747475,0.3181818181818182,0.15656565656565657,110.8455938263372,0.2708333333333333
163,2,vehicle_java.jpg,Java,low,0,B,0.8287292817679558,0.8784530386740331,0.569060773480663,0.2541436464088398,0.13812154696132597,89.69050568731417,0.2857142857142857
163,5,rectangle_java.jpg,Java,low,1,A,0.7924528301886793,0.8364779874213837,0.559748427672956,0.27044025157232704,0.11320754716981132,94.92340100460304,0.22916666666666666
88,2,rectangle_java2.jpg,Java,high,1,A,0.7051282051282052,0.7948717948717948,0.4358974358974359,0.2948717948717949,0.10256410256410256,104.74139617041786,0.19444444444444445
88,5,vehicle_java2.jpg,Java,high,0,B,0.6991150442477876,0.7964601769911505,0.4336283185840708,0.2920353982300885,0.09734513274336283,94.64854734558068,0.26785714285714285
43,2,vehicle_java2.jpg,Java,low,0,B,0.7724137931034483,0.8517241379310345,0.6103448275862069,0.19310344827586207,0.04827586206896552,64.12750708568632,0.3125
43,5,rectangle_java2.jpg,Java,low,1,A,0.7483870967741936,0.8129032258064516,0.49032258064516127,0.27741935483870966,0.0967741935483871,64.55653855123073,0.2222222222222222
155,2,vehicle_java2.jpg,Java,medium,1,B,0.7425742574257426,0.8217821782178217,0.5099009900990099,0.2623762376237624,0.0891089108910891,86.43296231507733,0.29464285714285715
155,5,rectangle_java2.jpg,Java,medium,1,A,0.7823529411764706,0.8352941176470589,0.5470588235294118,0.27647058823529413,0.11764705882352941,80.86058197435771,0.2569444444444444
44,2,vehicle_java2.jpg,Java,medium,0,B,0.7747440273037542,0.8498293515358362,0.5631399317406144,0.22184300341296928,0.07508532423208192,69.9377396046831,0.3125
44,5,rectangle_java2.jpg,Java,medium,0,A,0.8176100628930818,0.8490566037735849,0.6415094339622641,0.18867924528301888,0.0440251572327044,59.6682179615172,0.19444444444444445
27,5,rectangle_java.jpg,Java,low,1,A,0.8440366972477065,0.8899082568807339,0.6238532110091743,0.1926605504587156,0.09174311926605505,78.43071316605213,0.1736111111111111
27,2,vehicle_java.jpg,Java,low,0,B,0.8732394366197183,0.9154929577464789,0.6901408450704225,0.1267605633802817,0.056338028169014086,74.0872717529369,0.14285714285714285
18,2,vehicle_java.jpg,Java,medium,0,B,0.7483443708609272,0.8211920529801324,0.5264900662251656,0.2814569536423841,0.10596026490066225,91.0982969932524,0.29464285714285715
20,5,vehicle_java2.jpg,Java,medium,1,B,0.7983870967741935,0.8669354838709677,0.5604838709677419,0.2540322580645161,0.125,79.77295040089034,0.33035714285714285
20,2,rectangle_java2.jpg,Java,medium,1,A,0.835820895522388,0.8855721393034826,0.6019900497512438,0.2537313432835821,0.14427860696517414,59.916665608810426,0.25
109,5,rectangle_python.jpg,Python,medium,0,A,0.8285714285714286,0.8761904761904762,0.5904761904761905,0.2571428571428571,0.14285714285714285,82.73409041993256,0.26595744680851063
109,2,vehicle_python.jpg,Python,medium,0,B,0.711340206185567,0.8350515463917526,0.5360824742268041,0.21649484536082475,0.061855670103092786,108.61442896537987,0.24285714285714285
16,2,rectangle_java2.jpg,Java,high,1,A,0.7534883720930232,0.8372093023255814,0.49767441860465117,0.32558139534883723,0.16744186046511628,75.41728973341,0.2638888888888889
16,5,vehicle_java2.jpg,Java,high,1,B,0.8219895287958116,0.8586387434554974,0.6047120418848168,0.23821989528795812,0.09947643979057591,61.26597911522819,0.2857142857142857
29,2,vehicle_java2.jpg,Java,low,0,B,0.644808743169399,0.7431693989071039,0.4207650273224044,0.33879781420765026,0.08743169398907104,82.07162687233826,0.30357142857142855
29,5,rectangle_java2.jpg,Java,low,0,A,0.7100591715976331,0.7692307692307693,0.39644970414201186,0.35502958579881655,0.1301775147928994,71.6734751254513,0.2569444444444444
107,2,rectangle_java.jpg,Java,medium,0,A,0.8317307692307693,0.8846153846153846,0.5817307692307693,0.22115384615384615,0.11057692307692307,85.14442035639318,0.25
138,2,rectangle_java2.jpg,Java,medium,1,A,0.8571428571428571,0.9006211180124224,0.6583850931677019,0.19254658385093168,0.09937888198757763,71.82283842522806,0.2361111111111111
89,5,rectangle_java2.jpg,Java,medium,0,A,0.8705357142857143,0.8928571428571429,0.6160714285714286,0.24107142857142858,0.13839285714285715,68.0485159366805,0.2708333333333333
89,2,vehicle_java2.jpg,Java,medium,0,B,0.868421052631579,0.916267942583732,0.7033492822966507,0.18181818181818182,0.10047846889952153,71.19610581151389,0.35714285714285715
154,5,rectangle_java2.jpg,Java,low,1,A,0.8323863636363636,0.8664772727272727,0.6335227272727273,0.24147727272727273,0.11079545454545454,57.869790688573936,0.2638888888888889
154,2,vehicle_java2.jpg,Java,low,0,B,0.7511627906976744,0.813953488372093,0.5302325581395348,0.25116279069767444,0.06744186046511629,73.39893146822381,0.33035714285714285
42,5,rectangle_java2.jpg,Java,high,1,A,0.7446808510638298,0.8297872340425532,0.5319148936170213,0.19148936170212766,0.0425531914893617,78.94149230504199,0.1597222222222222
42,2,vehicle_java2.jpg,Java,high,0,B,0.6964285714285714,0.8214285714285714,0.5267857142857143,0.19642857142857142,0.026785714285714284,107.03156735839043,0.25892857142857145
162,2,rectangle_java.jpg,Java,low,1,A,0.7424242424242424,0.8446969696969697,0.5416666666666666,0.24621212121212122,0.0946969696969697,95.90087587979949,0.2569444444444444
74,5,vehicle_java2.jpg,Java,high,1,B,0.8041237113402062,0.8969072164948454,0.6288659793814433,0.17525773195876287,0.08247422680412371,77.3966874180805,0.22321428571428573
74,2,rectangle_java2.jpg,Java,high,1,A,0.83,0.89,0.54,0.24,0.14,80.96951314974388,0.19444444444444445
196,2,vehicle_java2.jpg,Java,low,0,B,0.7091836734693877,0.8010204081632653,0.5153061224489796,0.27040816326530615,0.07653061224489796,75.01346520715568,0.30357142857142855
196,5,rectangle_java2.jpg,Java,low,0,A,0.7722772277227723,0.8151815181518152,0.4884488448844885,0.3102310231023102,0.12871287128712872,90.04308833894734,0.2847222222222222
80,2,vehicle_java.jpg,Java,high,0,B,0.5421686746987951,0.7108433734939759,0.3373493975903614,0.3373493975903614,0.060240963855421686,158.74558349632,0.19642857142857142
80,5,rectangle_java.jpg,Java,high,0,A,0.5698924731182796,0.6881720430107527,0.23655913978494625,0.43010752688172044,0.12903225806451613,146.3391229255112,0.19444444444444445
191,2,vehicle_java2.jpg,Java,medium,1,B,0.8137651821862348,0.8744939271255061,0.5668016194331984,0.242914979757085,0.1214574898785425,80.27763688477515,0.33035714285714285
87,2,rectangle_java2.jpg,Java,high,0,A,0.8185654008438819,0.8607594936708861,0.5611814345991561,0.27848101265822783,0.14345991561181434,76.33524542391366,0.2708333333333333
87,5,vehicle_java2.jpg,Java,high,1,B,0.9007936507936508,0.9325396825396826,0.6746031746031746,0.2261904761904762,0.1626984126984127,57.97721838305592,0.29464285714285715
73,2,vehicle_java2.jpg,Java,medium,0,B,0.7418397626112759,0.8308605341246291,0.5905044510385756,0.24925816023738873,0.0830860534124629,69.63760810900806,0.24107142857142858
73,5,rectangle_java2.jpg,Java,medium,1,A,0.7962962962962963,0.8444444444444444,0.5296296296296297,0.2962962962962963,0.14444444444444443,86.59207294817692,0.2638888888888889
37,5,vehicle_java2.jpg,Java,low,1,B,0.7945736434108527,0.8449612403100775,0.5503875968992248,0.26356589147286824,0.1124031007751938,62.441072376561415,0.2767857142857143
37,2,rectangle_java2.jpg,Java,low,0,A,0.7935779816513762,0.8440366972477065,0.555045871559633,0.25229357798165136,0.10091743119266056,55.953270450318215,0.24305555555555555
121,5,rectangle_java2.jpg,Java,medium,1,A,0.751412429378531,0.8022598870056498,0.5536723163841808,0.2598870056497175,0.06779661016949153,53.42321389070832,0.2569444444444444
30,2,vehicle_java2.jpg,Java,none,0,B,0.7777777777777778,0.837037037037037,0.562962962962963,0.2,0.044444444444444446,68.97691921854438,0.25
30,5,rectangle_java2.jpg,Java,none,0,A,0.821917808219178,0.8561643835616438,0.5616438356164384,0.2465753424657534,0.1095890410958904,77.64914009379702,0.20833333333333334
126,5,rectangle_java2.jpg,Java,high,1,A,0.8187919463087249,0.8489932885906041,0.5268456375838926,0.2651006711409396,0.1174496644295302,58.416370141037454,0.3055555555555556
126,2,vehicle_java2.jpg,Java,high,1,B,0.7523510971786834,0.8181818181818182,0.5297805642633229,0.2664576802507837,0.0877742946708464,87.84120659463673,0.35714285714285715
110,5,vehicle_java2.jpg,Java,medium,0,B,0.8861788617886179,0.926829268292683,0.6585365853658537,0.16260162601626016,0.0975609756097561,61.475221106947416,0.29464285714285715
110,2,rectangle_java2.jpg,Java,medium,0,A,0.8620689655172413,0.896551724137931,0.6689655172413793,0.18620689655172415,0.0896551724137931,60.0437013104093,0.2222222222222222
128,2,rectangle_java2.jpg,Java,medium,1,A,0.8148148148148148,0.8600823045267489,0.5802469135802469,0.22633744855967078,0.09053497942386832,70.86074165935617,0.2847222222222222
128,5,vehicle_java2.jpg,Java,medium,0,B,0.8275862068965517,0.8864097363083164,0.6125760649087221,0.23123732251521298,0.11967545638945233,65.21621836315917,0.3392857142857143
117,5,rectangle_java2.jpg,Java,medium,1,A,0.7575757575757576,0.8316498316498316,0.5016835016835017,0.32996632996632996,0.16498316498316498,70.63602073170618,0.2777777777777778
117,2,vehicle_java2.jpg,Java,medium,1,B,0.8271604938271605,0.8888888888888888,0.6255144032921811,0.2139917695473251,0.10699588477366255,83.37718041540697,0.2857142857142857
3,2,vehicle_java2.jpg,Java,none,0,B,0.8516483516483516,0.8901098901098901,0.6593406593406593,0.17582417582417584,0.07142857142857142,56.86895650443759,0.2767857142857143
3,5,rectangle_java2.jpg,Java,none,1,A,0.8507462686567164,0.8656716417910447,0.5746268656716418,0.23134328358208955,0.1044776119402985,57.85867484898239,0.24305555555555555
143,5,rectangle_java2.jpg,Java,high,1,A,0.6595744680851063,0.776595744680851,0.4148936170212766,0.32978723404255317,0.11702127659574468,92.23282787155777,0.2361111111111111
143,2,vehicle_java2.jpg,Java,high,0,B,0.75,0.8333333333333334,0.5757575757575758,0.23484848484848486,0.07575757575757576,98.51580781104805,0.25892857142857145
55,5,vehicle_java2.jpg,Java,medium,0,B,0.8235294117647058,0.8770053475935828,0.6283422459893048,0.232620320855615,0.11229946524064172,59.01236218998858,0.25
55,2,rectangle_java2.jpg,Java,medium,1,A,0.8663239074550129,0.9023136246786633,0.5938303341902313,0.2879177377892031,0.1928020565552699,59.874360572517,0.3055555555555556
4,2,rectangle_java2.jpg,Java,medium,1,A,0.7892156862745098,0.8333333333333334,0.5196078431372549,0.29901960784313725,0.13725490196078433,72.8666530041462,0.2638888888888889
4,5,vehicle_java2.jpg,Java,medium,0,B,0.8125,0.85,0.5625,0.24583333333333332,0.1,60.53316523089997,0.25892857142857145
99,5,vehicle_java2.jpg,Java,high,0,B,0.8378378378378378,0.8918918918918919,0.5945945945945946,0.2195945945945946,0.11486486486486487,56.27203305246552,0.29464285714285715
99,2,rectangle_java2.jpg,Java,high,1,A,0.791907514450867,0.8323699421965318,0.5549132947976878,0.24855491329479767,0.08670520231213873,70.52582165180327,0.2569444444444444
186,2,rectangle_java2.jpg,Java,medium,1,A,0.8296943231441049,0.8820960698689956,0.6069868995633187,0.22707423580786026,0.11353711790393013,61.32660075447997,0.2777777777777778
172,2,vehicle_java2.jpg,Java,low,1,B,0.8620689655172413,0.9195402298850575,0.6206896551724138,0.19540229885057472,0.1206896551724138,65.94754752189165,0.29464285714285715
64,5,rectangle_java2.jpg,Java,medium,1,A,0.7588075880758808,0.8184281842818428,0.4986449864498645,0.2899728997289973,0.1111111111111111,76.20557684722961,0.2916666666666667
64,2,vehicle_java2.jpg,Java,medium,0,B,0.7550675675675675,0.8445945945945946,0.5675675675675675,0.23141891891891891,0.0777027027027027,84.97339517711669,0.36607142857142855
175,2,rectangle_python.jpg,Python,medium,1,A,0.7037037037037037,0.7870370370370371,0.5092592592592593,0.26851851851851855,0.06481481481481481,72.08630030419377,0.2765957446808511
63,5,rectangle_java.jpg,Java,medium,1,A,0.7935943060498221,0.8434163701067615,0.5480427046263345,0.2597864768683274,0.10676156583629894,86.78233437722011,0.2777777777777778
63,2,vehicle_java.jpg,Java,medium,0,B,0.8076923076923077,0.8615384615384616,0.5807692307692308,0.24615384615384617,0.11153846153846154,90.75601790840925,0.30357142857142855
181,2,rectangle_java2.jpg,Java,none,0,A,0.9148936170212766,0.925531914893617,0.723404255319149,0.11702127659574468,0.05319148936170213,64.5099478418349,0.22916666666666666
181,5,vehicle_java2.jpg,Java,none,0,B,0.8802816901408451,0.9154929577464789,0.6549295774647887,0.176056338028169,0.09859154929577464,48.62032913516186,0.25
97,2,vehicle_java2.jpg,Java,medium,0,B,0.8821428571428571,0.9214285714285714,0.6785714285714286,0.175,0.1,63.7300834518008,0.30357142857142855
97,5,rectangle_java2.jpg,Java,medium,1,A,0.8304347826086956,0.8565217391304348,0.5521739130434783,0.2391304347826087,0.1,82.97566885750655,0.2708333333333333
116,2,vehicle_java2.jpg,Java,low,0,B,0.9305555555555556,0.9537037037037037,0.7361111111111112,0.1527777777777778,0.1111111111111111,61.95667104202681,0.32142857142857145
38,2,rectangle_java2.jpg,Java,none,0,A,0.783410138248848,0.8387096774193549,0.5576036866359447,0.24423963133640553,0.08755760368663594,64.83870029011653,0.2152777777777778
118,5,vehicle_java.jpg,Java,high,1,B,0.7807017543859649,0.868421052631579,0.5087719298245614,0.2807017543859649,0.15789473684210525,116.18390727283035,0.23214285714285715
31,2,rectangle_java2.jpg,Java,medium,1,A,0.8172043010752689,0.8745519713261649,0.5949820788530465,0.25089605734767023,0.12903225806451613,67.30843905401682,0.2916666666666667
31,5,vehicle_java2.jpg,Java,medium,0,B,0.8446969696969697,0.8939393939393939,0.6628787878787878,0.1856060606060606,0.08333333333333333,56.32164067291449,0.2857142857142857
120,2,rectangle_java.jpg,Java,medium,0,A,0.8384279475982532,0.8777292576419214,0.6069868995633187,0.23580786026200873,0.11790393013100436,83.7060576908751,0.2569444444444444
36,5,vehicle_java.jpg,Java,none,0,B,0.7933884297520661,0.859504132231405,0.5371900826446281,0.23140495867768596,0.09917355371900827,79.23966264168932,0.26785714285714285
36,2,rectangle_java.jpg,Java,none,0,A,0.8478260869565217,0.8913043478260869,0.5760869565217391,0.2717391304347826,0.17391304347826086,83.28704270719338,0.1875
96,5,rectangle_java2.jpg,Java,low,1,A,0.7443946188340808,0.8340807174887892,0.547085201793722,0.26905829596412556,0.10762331838565023,85.72454399775813,0.2569444444444444
96,2,vehicle_java2.jpg,Java,low,0,B,0.8658536585365854,0.9146341463414634,0.6747967479674797,0.17886178861788618,0.0975609756097561,62.98413723102322,0.2857142857142857
180,2,vehicle_java2.jpg,Java,low,1,B,0.759493670886076,0.8417721518987342,0.5189873417721519,0.25316455696202533,0.10126582278481013,82.82400160682481,0.2857142857142857
180,5,rectangle_java2.jpg,Java,low,1,A,0.8205128205128205,0.8846153846153846,0.5705128205128205,0.23076923076923078,0.12179487179487179,71.84648843231294,0.24305555555555555
62,5,vehicle_java.jpg,Java,medium,0,B,0.8,0.91,0.61,0.11,0.03,72.6192816780876,0.1875
62,2,rectangle_java.jpg,Java,medium,1,A,0.8832116788321168,0.9197080291970803,0.6496350364963503,0.1678832116788321,0.0948905109489051,77.65716215472312,0.22916666666666666
65,5,vehicle_java.jpg,Java,low,0,B,0.7070707070707071,0.8181818181818182,0.4444444444444444,0.25252525252525254,0.08080808080808081,97.0492867173102,0.20535714285714285
65,2,rectangle_java.jpg,Java,low,0,A,0.64,0.78,0.34,0.3,0.1,147.02493969907067,0.10416666666666667
91,5,rectangle_java2.jpg,Java,medium,1,A,0.9154929577464789,0.9366197183098591,0.5985915492957746,0.2605633802816901,0.20422535211267606,59.264570859735755,0.22916666666666666
91,2,vehicle_java2.jpg,Java,medium,1,B,0.8080357142857143,0.8705357142857143,0.5848214285714286,0.2544642857142857,0.12946428571428573,87.32704664931313,0.32142857142857145
53,2,rectangle_java.jpg,Java,medium,1,A,0.6936416184971098,0.7976878612716763,0.4624277456647399,0.2947976878612717,0.09826589595375723,100.24573105367304,0.2569444444444444
53,5,vehicle_java.jpg,Java,medium,1,B,0.7293233082706767,0.8045112781954887,0.5263157894736842,0.2781954887218045,0.09022556390977443,90.87496589442928,0.1875
145,2,rectangle_java2.jpg,Java,medium,1,A,0.7527472527472527,0.8131868131868132,0.5274725274725275,0.25824175824175827,0.07692307692307693,60.15129767742319,0.24305555555555555
145,5,vehicle_java2.jpg,Java,medium,0,B,0.8221343873517787,0.8695652173913043,0.5810276679841897,0.22134387351778656,0.09486166007905138,54.211738693102966,0.3125
5,5,vehicle_java2.jpg,Java,low,0,B,0.8484848484848485,0.896969696969697,0.6181818181818182,0.18787878787878787,0.09090909090909091,66.50177210035814,0.32142857142857145
5,2,rectangle_java2.jpg,Java,low,1,A,0.7914438502673797,0.8449197860962567,0.5454545454545454,0.2620320855614973,0.11229946524064172,76.48976952556988,0.2638888888888889
54,5,rectangle_java.jpg,Java,medium,1,A,0.7284345047923323,0.8178913738019169,0.5079872204472844,0.30990415335463256,0.13099041533546327,108.30079182703346,0.2916666666666667
54,2,vehicle_java.jpg,Java,medium,0,B,0.8068965517241379,0.8758620689655172,0.6689655172413793,0.16551724137931034,0.04827586206896552,93.0229178105986,0.25892857142857145
142,2,vehicle_java2.jpg,Java,medium,0,B,0.820627802690583,0.874439461883408,0.6188340807174888,0.21973094170403587,0.09865470852017937,62.680236633220545,0.33035714285714285
142,5,rectangle_java2.jpg,Java,medium,1,A,0.8218390804597702,0.8706896551724138,0.5977011494252874,0.2557471264367816,0.12931034482758622,62.79049287073986,0.2708333333333333
189,5,rectangle_java2.jpg,Java,medium,0,A,0.8715083798882681,0.9050279329608939,0.6759776536312849,0.20670391061452514,0.11731843575418995,62.355115779932994,0.2361111111111111
189,2,vehicle_java2.jpg,Java,medium,1,B,0.8,0.9,0.6818181818181818,0.13636363636363635,0.045454545454545456,68.37706573543957,0.24107142857142858
202,2,vehicle_java.jpg,Java,medium,0,B,0.7577319587628866,0.8247422680412371,0.5481099656357389,0.2663230240549828,0.09278350515463918,97.12456975567918,0.3392857142857143
202,5,rectangle_java.jpg,Java,medium,1,A,0.8359788359788359,0.8624338624338624,0.5925925925925926,0.25396825396825395,0.12169312169312169,80.78971688257886,0.2361111111111111
204,5,rectangle_java.jpg,Java,low,0,A,0.7714285714285715,0.8571428571428571,0.5142857142857142,0.17142857142857143,0.05714285714285714,130.03225084439373,0.1111111111111111
204,2,vehicle_java.jpg,Java,low,0,B,0.52,0.72,0.32,0.28,0.04,125.91458437141436,0.08928571428571429
203,2,rectangle_java.jpg,Java,medium,0,A,0.6632653061224489,0.7755102040816326,0.47959183673469385,0.32653061224489793,0.11224489795918367,112.34561712821642,0.1736111111111111
203,5,vehicle_java.jpg,Java,medium,0,B,0.6153846153846154,0.75,0.36538461538461536,0.3269230769230769,0.09615384615384616,114.30705237793141,0.1875
210,2,vehicle_java2.jpg,Java,high,0,B,0.8043478260869565,0.8623188405797102,0.5797101449275363,0.21014492753623187,0.07971014492753623,76.01868192239355,0.26785714285714285
210,5,rectangle_java2.jpg,Java,high,1,A,0.8099173553719008,0.8677685950413223,0.5785123966942148,0.19834710743801653,0.0743801652892562,61.39452957990473,0.19444444444444445
216,2,vehicle_java2.jpg,Java,none,0,B,0.69,0.8,0.45,0.31,0.12,96.85466524472946,0.19642857142857142
211,5,vehicle_java2.jpg,Java,medium,0,B,0.8679245283018868,0.9009433962264151,0.7122641509433962,0.16037735849056603,0.0660377358490566,55.1783503196944,0.2857142857142857
211,2,rectangle_java2.jpg,Java,medium,1,A,0.9121621621621622,0.9256756756756757,0.7398648648648649,0.16891891891891891,0.09797297297297297,45.636408909463725,0.2777777777777778
49,2,rectangle_python.jpg,Python,medium,1,A,0.7425742574257426,0.8514851485148515,0.5148514851485149,0.26732673267326734,0.12871287128712872,113.66761014983435,0.26595744680851063
82,5,rectangle_java2.jpg,Java,high,1,A,0.8181818181818182,0.8770053475935828,0.5721925133689839,0.2727272727272727,0.15508021390374332,79.48758832032597,0.24305555555555555
82,2,vehicle_java2.jpg,Java,high,0,B,0.788,0.872,0.6,0.236,0.112,85.7078131922297,0.25892857142857145
194,2,rectangle_java.jpg,Java,medium,1,A,0.8153241650294696,0.8703339882121808,0.5893909626719057,0.2475442043222004,0.11984282907662082,90.64091915171115,0.2986111111111111
158,2,rectangle_java2.jpg,Java,high,1,A,0.7635467980295566,0.8374384236453202,0.6059113300492611,0.22167487684729065,0.06403940886699508,71.19248822516697,0.2569444444444444
158,5,vehicle_java2.jpg,Java,high,0,B,0.8461538461538461,0.8986013986013986,0.6713286713286714,0.1993006993006993,0.10139860139860139,59.387367557038864,0.25892857142857145
71,2,rectangle_java.jpg,Java,low,0,A,0.6966292134831461,0.8089887640449438,0.48314606741573035,0.2808988764044944,0.10112359550561797,120.05709382893832,0.18055555555555555
78,5,rectangle_java2.jpg,Java,low,0,A,0.8969957081545065,0.9184549356223176,0.6437768240343348,0.2145922746781116,0.13733905579399142,62.24188681914159,0.2638888888888889
78,2,vehicle_java2.jpg,Java,low,0,B,0.8404255319148937,0.9148936170212766,0.6063829787234043,0.20212765957446807,0.1276595744680851,79.9631410572119,0.25
47,5,rectangle_python.jpg,Python,medium,1,A,0.7282608695652174,0.8260869565217391,0.5108695652173914,0.2608695652173913,0.09782608695652174,101.61763146824346,0.2872340425531915
151,5,vehicle_java2.jpg,Java,high,0,B,0.7965299684542587,0.8485804416403786,0.6198738170347003,0.23186119873817035,0.08201892744479496,61.644011887197884,0.3125
151,2,rectangle_java2.jpg,Java,high,1,A,0.8228346456692913,0.8464566929133859,0.610236220472441,0.2283464566929134,0.07677165354330709,49.23311276019746,0.2916666666666667
169,2,vehicle_java.jpg,Java,medium,0,B,0.73125,0.825,0.5125,0.225,0.05625,88.35132183158682,0.22321428571428573
169,5,rectangle_java.jpg,Java,medium,1,A,0.7216494845360825,0.8075601374570447,0.47766323024054985,0.29553264604810997,0.10652920962199312,99.8858616123012,0.2847222222222222
40,2,rectangle_java.jpg,Java,medium,1,A,0.797752808988764,0.8595505617977528,0.5842696629213483,0.2808988764044944,0.14606741573033707,102.34799386004241,0.2361111111111111
40,5,vehicle_java.jpg,Java,medium,0,B,0.7371428571428571,0.8514285714285714,0.5542857142857143,0.2342857142857143,0.09142857142857143,107.60765921461412,0.29464285714285715
14,2,rectangle_java2.jpg,Java,medium,1,A,0.8280254777070064,0.8726114649681529,0.5796178343949044,0.25477707006369427,0.1337579617834395,70.37119804324915,0.2569444444444444
105,2,rectangle_java2.jpg,Java,high,1,A,0.8235294117647058,0.875,0.625,0.18382352941176472,0.0661764705882353,70.51689161723347,0.19444444444444445
105,5,vehicle_java2.jpg,Java,high,0,B,0.8433734939759037,0.891566265060241,0.6746987951807228,0.1746987951807229,0.07228915662650602,49.27596302605345,0.24107142857142858
13,2,rectangle_java2.jpg,Java,medium,1,A,0.8196078431372549,0.8588235294117647,0.5294117647058824,0.2784313725490196,0.1411764705882353,73.17994364113156,0.2569444444444444
13,5,vehicle_java2.jpg,Java,medium,0,B,0.7771739130434783,0.8496376811594203,0.5670289855072463,0.23007246376811594,0.08152173913043478,73.26907431404415,0.3125
133,5,vehicle_java2.jpg,Java,medium,0,B,0.8277153558052435,0.8838951310861424,0.5880149812734082,0.2209737827715356,0.10861423220973783,70.84000351127122,0.3392857142857143
25,2,rectangle_java2.jpg,Java,medium,1,A,0.8287292817679558,0.8701657458563536,0.5828729281767956,0.24861878453038674,0.12154696132596685,63.04883604132307,0.2916666666666667
25,5,vehicle_java2.jpg,Java,medium,0,B,0.8116438356164384,0.8698630136986302,0.6027397260273972,0.2363013698630137,0.1095890410958904,59.02843963538484,0.2857142857142857
168,2,rectangle_java2.jpg,Java,medium,0,A,0.7923387096774194,0.8528225806451613,0.5745967741935484,0.27419354838709675,0.12903225806451613,74.30981585786974,0.3055555555555556
168,5,vehicle_java2.jpg,Java,medium,0,B,0.782608695652174,0.8616600790513834,0.5810276679841897,0.23715415019762845,0.10276679841897234,89.52121575731393,0.32142857142857145
41,5,vehicle_java2.jpg,Java,high,1,B,0.8468468468468469,0.8888888888888888,0.6336336336336337,0.21621621621621623,0.10810810810810811,58.796274657598914,0.3392857142857143
41,2,rectangle_java2.jpg,Java,high,1,A,0.8364779874213837,0.8710691823899371,0.5943396226415094,0.25157232704402516,0.12578616352201258,60.95631562432439,0.2638888888888889
79,2,vehicle_java2.jpg,Java,medium,1,B,0.8451612903225807,0.8838709677419355,0.6258064516129033,0.18064516129032257,0.06774193548387097,57.12183613051781,0.29464285714285715
79,5,rectangle_java2.jpg,Java,medium,1,A,0.8712121212121212,0.9015151515151515,0.6401515151515151,0.19318181818181818,0.09848484848484848,60.477809104258945,0.2847222222222222
192,2,rectangle_java.jpg,Java,medium,0,A,0.8344155844155844,0.8798701298701299,0.6363636363636364,0.21428571428571427,0.09740259740259741,73.78013296011137,0.2708333333333333
192,5,vehicle_java.jpg,Java,medium,0,B,0.869281045751634,0.9150326797385621,0.6862745098039216,0.16339869281045752,0.08496732026143791,95.42063630620908,0.29464285714285715
84,2,vehicle_java2.jpg,Java,medium,0,B,0.796812749003984,0.852589641434263,0.549800796812749,0.26294820717131473,0.11952191235059761,59.43867309359023,0.33035714285714285
84,5,rectangle_java2.jpg,Java,medium,1,A,0.7908745247148289,0.8593155893536122,0.5247148288973384,0.2623574144486692,0.12547528517110265,79.73776774792336,0.22916666666666666
166,5,vehicle_java.jpg,Java,medium,1,B,0.7475409836065574,0.8360655737704918,0.5311475409836065,0.26229508196721313,0.10163934426229508,108.85384002033362,0.35714285714285715
70,5,vehicle_java2.jpg,Java,low,1,B,0.7906976744186046,0.8527131782945736,0.6046511627906976,0.20155038759689922,0.06201550387596899,61.9242309633677,0.21428571428571427
48,2,vehicle_java2.jpg,Java,high,0,B,0.835,0.89,0.62,0.23,0.125,65.31341387142727,0.2767857142857143
48,5,rectangle_java2.jpg,Java,high,1,A,0.8682170542635659,0.9069767441860465,0.627906976744186,0.21705426356589147,0.13178294573643412,68.76330239463198,0.1875
161,2,vehicle_python.jpg,Python,medium,0,B,0.7409638554216867,0.8253012048192772,0.536144578313253,0.21686746987951808,0.04819277108433735,85.52535692328723,0.3142857142857143
77,5,rectangle_java2.jpg,Java,medium,1,A,0.7755681818181818,0.84375,0.5170454545454546,0.2897727272727273,0.13636363636363635,71.33823233384493,0.2569444444444444
77,2,vehicle_java2.jpg,Java,medium,0,B,0.8920308483290489,0.9203084832904884,0.6812339331619537,0.1928020565552699,0.11568123393316196,58.463602779437586,0.3392857142857143
83,5,rectangle_java2.jpg,Java,medium,0,A,0.7714285714285715,0.8485714285714285,0.5428571428571428,0.2742857142857143,0.12571428571428572,70.92079624399516,0.2916666666666667
83,2,vehicle_java2.jpg,Java,medium,1,B,0.8178913738019169,0.8722044728434505,0.6389776357827476,0.21405750798722045,0.08945686900958466,68.64303610376643,0.2767857142857143
135,2,rectangle_java2.jpg,Java,medium,0,A,0.7061855670103093,0.7731958762886598,0.4484536082474227,0.30927835051546393,0.08762886597938144,88.20740357715981,0.2569444444444444
135,5,vehicle_java2.jpg,Java,medium,0,B,0.6804123711340206,0.7972508591065293,0.46735395189003437,0.28865979381443296,0.08934707903780069,92.35293496860193,0.32142857142857145
24,5,rectangle_java2.jpg,Java,medium,0,A,0.8860103626943006,0.917098445595855,0.6839378238341969,0.18134715025906736,0.10362694300518134,58.84077984417925,0.2569444444444444
24,2,vehicle_java2.jpg,Java,medium,0,B,0.8413461538461539,0.8990384615384616,0.7019230769230769,0.18269230769230768,0.08653846153846154,57.827026284996194,0.30357142857142855
132,2,rectangle_java2.jpg,Java,low,0,A,0.7628361858190709,0.823960880195599,0.5330073349633252,0.26405867970660146,0.09046454767726161,72.01110696837436,0.2986111111111111
132,5,vehicle_java2.jpg,Java,low,0,B,0.8074324324324325,0.8513513513513513,0.5777027027027027,0.2195945945945946,0.07432432432432433,67.13011939524304,0.29464285714285715
12,5,rectangle_java2.jpg,Java,low,0,A,0.8214285714285714,0.8642857142857143,0.5357142857142857,0.24285714285714285,0.11428571428571428,74.6482980716982,0.22916666666666666
12,2,vehicle_java2.jpg,Java,low,0,B,0.8342105263157895,0.8710526315789474,0.6157894736842106,0.20526315789473684,0.07894736842105263,60.857452681066704,0.30357142857142855
104,2,rectangle_java.jpg,Java,medium,1,A,0.7535211267605634,0.823943661971831,0.5246478873239436,0.30633802816901406,0.13380281690140844,88.34416118622151,0.25
104,5,vehicle_java.jpg,Java,medium,0,B,0.7272727272727273,0.8225108225108225,0.5541125541125541,0.24675324675324675,0.0735930735930736,95.31742130557906,0.25
15,2,rectangle_java.jpg,Java,medium,0,A,0.9060773480662984,0.9226519337016574,0.6574585635359116,0.16574585635359115,0.09392265193370165,81.04054310162634,0.2361111111111111
